#timestamp [ns],w_RS_S_x [rad s^-1],w_RS_S_y [rad s^-1],w_RS_S_z [rad s^-1],a_RS_S_x [m s^-2],a_RS_S_y [m s^-2],a_RS_S_z [m s^-2]
1740625462775263232,-0.1736381,-0.46232477,-0.2066613,-1.0785879,0.2753332,9.807847
1740625462775894272,-0.1736381,-0.46232477,-0.2066613,-1.0785879,0.2753332,9.807847
1740627644858980096,-0.1736381,-0.46232477,-0.2066613,-0.7577648,-0.12090719,9.339781
1740627644873274624,-0.1736381,-0.46232477,-0.2066613,-0.7230489,-0.08020575,9.755175
1740627644884132864,-0.1736381,-0.46232477,-0.2066613,-0.62967503,-0.023942016,9.235633
1740627644893961984,-0.1736381,-0.46232477,-0.2066613,-0.6560113,-0.095768064,9.865308
1740627644903507968,-0.1736381,-0.46232477,-0.2066613,-0.6392518,-0.10414778,9.522937
1740627644908363520,-0.1736381,-0.46232477,-0.2066613,-0.6428431,-0.09696517,9.3661175
1740627644923319040,-0.1736381,-0.46232477,-0.2066613,-0.6919243,-0.08379706,9.742006
1740627644933341952,-0.1736381,-0.46232477,-0.2066613,-0.6895301,-0.074220255,9.323022
1740627644943277568,-0.1736381,-0.46232477,-0.2066613,-0.62967503,-0.07182605,9.635465
1740627644993393408,-0.1736381,-0.46232477,-0.2066613,-0.6548142,-0.088585466,9.560047
1740627645003149824,-0.1736381,-0.46232477,-0.2066613,-0.7278373,-0.062249243,9.600749
1740627645013302528,-0.1736381,-0.46232477,-0.2066613,-0.6500258,-0.079008654,9.470264
1740627645018887168,-0.1736381,-0.46232477,-0.2066613,-0.6392518,-0.08259996,9.459491
1740627645028240384,-0.1736381,-0.46232477,-0.2066613,-0.6560113,-0.06943185,9.611523
1740627645043295232,-0.1736381,-0.46232477,-0.2066613,-0.6512229,-0.08020575,9.460688
1740627645048178944,-0.1736381,-0.46232477,-0.2066613,-0.6751649,-0.076614454,9.5013895
1740627645063226368,-0.1736381,-0.46232477,-0.2066613,-0.6548142,-0.06823475,9.51336
1740627645068510976,-0.1736381,-0.46232477,-0.2066613,-0.6775591,-0.06464344,9.490616
1740627645103151872,-0.1736381,-0.46232477,-0.2066613,-0.6871359,-0.047884032,9.531317
1740627645113372672,0.0010652645,1e-10,0.0010652645,-0.65242,-0.08140286,9.604341
1740627645123481088,0.0010652645,0.002130529,0.0010652645,-0.6607997,-0.062249243,9.537302
1740627645149202176,0.0010652645,1e-10,-0.002130529,-0.65242,-0.074220255,9.5492735
1740627645163280640,0.0010652645,0.0031957934,-0.0010652645,-0.6751649,-0.08259996,9.588778
1740627645168131072,1e-10,0.004261058,-0.0010652645,-0.6859388,-0.077811554,9.601946
1740627645183377408,0.0010652645,0.002130529,-0.002130529,-0.6787562,-0.08499416,9.544485
1740627645194574080,-0.0010652645,0.0010652645,1e-10,-0.641646,-0.07062895,9.592369
1740627645198347776,0.0010652645,0.0010652645,1e-10,-0.6607997,-0.079008654,9.609129
1740627645208497664,0.0010652645,0.0031957934,1e-10,-0.6739678,-0.074220255,9.516952
1740627645223249408,0.0031957934,-0.0010652645,-0.0010652645,-0.6667852,-0.074220255,9.578004
1740627645233345536,0.0010652645,1e-10,0.0010652645,-0.6607997,-0.08259996,9.5013895
1740627645243364608,0.0031957934,0.002130529,1e-10,-0.6655881,-0.076614454,9.606734
1740627645249144832,0.004261058,0.002130529,-0.0010652645,-0.6679823,-0.08619126,9.569624
1740627645264209152,0.002130529,0.002130529,1e-10,-0.6787562,-0.073023155,9.610326
1740627645269293056,0.002130529,0.0010652645,1e-10,-0.6775591,-0.08140286,9.55885
1740627645283296512,0.002130529,0.0010652645,1e-10,-0.6572084,-0.073023155,9.595961
1740627645293563136,0.0010652645,0.0031957934,0.0010652645,-0.6811504,-0.062249243,9.533711
1740627645299030784,0.002130529,0.002130529,1e-10,-0.6967127,-0.06464344,9.585187
1740627645313671424,0.002130529,0.0031957934,-0.0010652645,-0.6560113,-0.092176765,9.5492735
1740627645320493824,0.0031957934,0.0031957934,1e-10,-0.6691794,-0.079008654,9.509769
1740627645327511040,0.0010652645,0.002130529,0.0010652645,-0.6368576,-0.079008654,9.595961
1740627645340818176,0.002130529,0.0010652645,-0.0010652645,-0.6799533,-0.06344634,9.560047
1740627645349646336,0.002130529,1e-10,-0.0010652645,-0.6607997,-0.094570965,9.546879
1740627645349664512,0.002130529,1e-10,-0.0010652645,-0.6607997,-0.094570965,9.546879
1740627645369518592,0.004261058,0.0031957934,1e-10,-0.6835446,-0.05626374,9.522937
1740627645369527552,0.004261058,0.0031957934,1e-10,-0.6835446,-0.05626374,9.522937
1740627645389846272,0.0031957934,0.0010652645,1e-10,-0.6691794,-0.06344634,9.561244
1740627645389988352,0.0031957934,0.0010652645,1e-10,-0.6691794,-0.06344634,9.561244
1740627645410052352,0.002130529,0.002130529,1e-10,-0.6512229,-0.07182605,9.5385
1740627645410056448,0.002130529,0.002130529,1e-10,-0.6512229,-0.07182605,9.5385
1740627645419441408,0.0010652645,0.002130529,1e-10,-0.6440403,-0.073023155,9.586384
1740627645439977472,0.0010652645,0.002130529,-0.002130529,-0.6619968,-0.049081136,9.57561
1740627645455574272,0.002130529,0.0031957934,1e-10,-0.6500258,-0.079008654,9.560047
1740627645469343744,0.0010652645,1e-10,-0.0010652645,-0.6727707,-0.06464344,9.600749
1740627645469348864,0.0010652645,1e-10,-0.0010652645,-0.6727707,-0.06464344,9.600749
1740627645489751552,1e-10,0.0010652645,1e-10,-0.6548142,-0.08499416,9.537302
1740627645504198656,0.0010652645,0.002130529,1e-10,-0.6715736,-0.075417355,9.512163
1740627645504400640,0.0010652645,0.002130529,1e-10,-0.6715736,-0.075417355,9.512163
1740627645520728320,0.0031957934,0.002130529,1e-10,-0.6631939,-0.08619126,9.600749
1740627645541800704,0.0031957934,0.0031957934,1e-10,-0.6751649,-0.06943185,9.533711
1740627645541802240,0.0031957934,0.0031957934,1e-10,-0.6751649,-0.06943185,9.533711
1740627645559895552,0.0010652645,0.0010652645,-0.0010652645,-0.6691794,-0.074220255,9.540894
1740627645559911168,0.0010652645,0.0010652645,-0.0010652645,-0.6691794,-0.074220255,9.540894
1740627645581470464,0.002130529,0.002130529,0.0010652645,-0.664391,-0.08379706,9.552865
1740627645591284992,0.0031957934,0.0010652645,-0.0010652645,-0.6572084,-0.088585466,9.545682
1740627645600038144,0.002130529,0.0031957934,1e-10,-0.6715736,-0.076614454,9.533711
1740627645609716224,0.002130529,0.0031957934,1e-10,-0.6655881,-0.076614454,9.557653
1740627645619973888,0.002130529,0.0031957934,-0.0031957934,-0.6344634,-0.074220255,9.515755
1740627645631211520,0.0031957934,0.002130529,-0.0010652645,-0.65242,-0.06464344,9.555259
1740627645637217280,0.004261058,0.002130529,-0.0010652645,-0.6739678,-0.08619126,9.533711
1740627645651076096,0.002130529,0.002130529,-0.0010652645,-0.6691794,-0.093373865,9.55885
1740627645661210368,0.0010652645,0.002130529,-0.0010652645,-0.6667852,-0.090979666,9.569624
1740627645667572736,0.0010652645,0.002130529,-0.0010652645,-0.6679823,-0.08140286,9.5385
1740627645684481024,0.002130529,0.0031957934,1e-10,-0.6835446,-0.08020575,9.55047
1740627645689773824,0.0010652645,0.0031957934,0.0010652645,-0.6703765,-0.08379706,9.580399
1740627645700386304,0.0031957934,0.0031957934,-0.002130529,-0.6727707,-0.06464344,9.56723
1740627645710533632,0.002130529,0.0031957934,1e-10,-0.6607997,-0.076614454,9.55885
1740627645720078336,0.002130529,0.0010652645,-0.0010652645,-0.6560113,-0.07062895,9.566033
1740627645730388736,0.002130529,0.0010652645,-0.0010652645,-0.6703765,-0.079008654,9.569624
1740627645734589184,0.0031957934,0.0010652645,-0.0010652645,-0.6572084,-0.07062895,9.563639
1740627645751950080,0.0010652645,0.0010652645,1e-10,-0.6452374,-0.059855044,9.55047
1740627645760205312,0.0010652645,0.0010652645,1e-10,-0.6572084,-0.05746084,9.601946
1740627645769981440,0.002130529,0.002130529,0.0010652645,-0.6572084,-0.06703765,9.582792
1740627645779716096,0.0010652645,1e-10,-0.0010652645,-0.6715736,-0.06703765,9.527725
1740627645784596992,0.0010652645,-0.0010652645,-0.0010652645,-0.6500258,-0.073023155,9.588778
1740627645802629632,0.004261058,0.0031957934,-0.002130529,-0.6703765,-0.06584055,9.5492735
1740627645809633280,1e-10,0.002130529,-0.002130529,-0.6775591,-0.077811554,9.578004
1740627645820962304,0.0031957934,0.0010652645,0.0010652645,-0.6667852,-0.077811554,9.554062
1740627645831969792,0.0031957934,0.002130529,-0.0010652645,-0.6584055,-0.076614454,9.561244
1740627645839973888,1e-10,0.0031957934,1e-10,-0.6715736,-0.075417355,9.544485
1740627645850069504,0.0010652645,0.002130529,-0.0010652645,-0.6619968,-0.08379706,9.568427
1740627645859807488,0.0010652645,0.002130529,1e-10,-0.6799533,-0.074220255,9.548077
1740627645869704960,0.002130529,0.0031957934,-0.0010652645,-0.6739678,-0.075417355,9.527725
1740627645875464192,0.0010652645,0.002130529,1e-10,-0.6655881,-0.08619126,9.533711
1740627645890412288,0.004261058,0.002130529,-0.0010652645,-0.6655881,-0.08619126,9.534908
1740627645899613440,0.002130529,0.002130529,1e-10,-0.6835446,-0.061052144,9.555259
1740627645910488064,0.002130529,0.0010652645,0.0010652645,-0.6751649,-0.06703765,9.534908
1740627645914681088,0.002130529,0.002130529,0.0010652645,-0.6572084,-0.090979666,9.546879
1740627645930000128,0.0031957934,0.0031957934,1e-10,-0.6596026,-0.077811554,9.55885
1740627645941753856,0.002130529,0.002130529,0.002130529,-0.676362,-0.08619126,9.536105
1740627645951595520,0.002130529,0.0031957934,-0.0010652645,-0.6619968,-0.08499416,9.52174
1740627645960726528,0.0010652645,0.002130529,0.0010652645,-0.6488287,-0.06703765,9.544485
1740627645970980096,0.0031957934,0.002130529,1e-10,-0.6727707,-0.06344634,9.557653
1740627645980734464,0.002130529,0.002130529,-0.0010652645,-0.6404489,-0.08619126,9.554062
1740627645991728896,0.002130529,0.0031957934,0.0010652645,-0.6596026,-0.08738836,9.555259
1740627646001071104,0.0031957934,0.002130529,1e-10,-0.6799533,-0.079008654,9.518148
1740627646011038464,0.0031957934,0.0031957934,-0.0010652645,-0.6667852,-0.06344634,9.566033
1740627646051506944,0.0010652645,0.002130529,1e-10,-0.6596026,-0.05746084,9.581595
1740627646061477376,0.002130529,1e-10,-0.0010652645,-0.664391,-0.090979666,9.533711
1740627646070004992,-0.0010652645,0.0010652645,1e-10,-0.6715736,-0.06943185,9.539697
1740627646080945152,0.0031957934,0.0010652645,-0.002130529,-0.6452374,-0.073023155,9.561244
1740627646090663680,0.002130529,0.0010652645,1e-10,-0.65242,-0.076614454,9.536105
1740627646100095488,0.002130529,0.002130529,1e-10,-0.6811504,-0.06344634,9.51336
1740627646110004480,0.0010652645,0.002130529,-0.0010652645,-0.6811504,-0.076614454,9.566033
1740627646121351424,0.002130529,0.002130529,-0.0010652645,-0.6560113,-0.074220255,9.5492735
1740627646130933504,0.002130529,0.002130529,-0.0010652645,-0.6775591,-0.07062895,9.557653
1740627646142427392,1e-10,0.002130529,-0.0010652645,-0.6607997,-0.059855044,9.562442
1740627646157694464,1e-10,0.0010652645,-0.0010652645,-0.6679823,-0.090979666,9.555259
1740627646168410368,0.002130529,0.0010652645,0.0010652645,-0.6631939,-0.07182605,9.579201
1740627646182501376,0.002130529,0.0031957934,1e-10,-0.664391,-0.06344634,9.5385
1740627646191146752,0.0010652645,1e-10,1e-10,-0.6775591,-0.079008654,9.598354
1740627646200143872,0.002130529,0.0031957934,-0.002130529,-0.6667852,-0.06943185,9.55047
1740627646212367872,0.0031957934,0.0010652645,-0.0010652645,-0.6679823,-0.108936176,9.537302
1740627646220572928,0.002130529,0.0010652645,-0.002130529,-0.6560113,-0.08619126,9.556456
1740627646231109888,0.002130529,1e-10,1e-10,-0.6572084,-0.077811554,9.53012
1740627646241542912,0.0031957934,0.002130529,-0.0010652645,-0.6775591,-0.06584055,9.56723
1740627646251190784,0.002130529,0.0010652645,-0.0010652645,-0.664391,-0.076614454,9.589975
1740627646261565440,0.0010652645,0.002130529,1e-10,-0.6715736,-0.053869538,9.5492735
1740627646266683648,0.0010652645,0.0010652645,1e-10,-0.6835446,-0.05746084,9.514558
1740627646281449728,0.0031957934,1e-10,-0.0010652645,-0.6560113,-0.092176765,9.520543
1740627646291511040,0.0010652645,0.002130529,-0.0010652645,-0.6488287,-0.093373865,9.570822
1740627646302075392,0.002130529,0.004261058,-0.002130529,-0.6715736,-0.07062895,9.53012
1740627646312657920,0.002130529,0.0031957934,-0.0010652645,-0.6895301,-0.08259996,9.5253315
1740627646321506304,0.002130529,0.0010652645,-0.0010652645,-0.65242,-0.06823475,9.560047
1740627646331066112,0.002130529,0.002130529,-0.0010652645,-0.6631939,-0.06703765,9.544485
1740627646341538560,0.002130529,0.0031957934,-0.0010652645,-0.6655881,-0.049081136,9.507375
1740627646390827776,0.0010652645,0.0010652645,0.002130529,-0.6811504,-0.074220255,9.53012
1740627646401442560,0.0010652645,0.002130529,0.0010652645,-0.6703765,-0.076614454,9.551667
1740627646410300672,-0.0010652645,1e-10,0.0010652645,-0.6679823,-0.08259996,9.545682
1740627646421651200,0.0031957934,0.0010652645,0.0010652645,-0.6691794,-0.06823475,9.576807
1740627646431050752,1e-10,1e-10,0.0010652645,-0.6703765,-0.08738836,9.55047
1740627646441437696,0.002130529,1e-10,0.0010652645,-0.6679823,-0.076614454,9.545682
1740627646451101952,0.002130529,1e-10,1e-10,-0.6476316,-0.06344634,9.581595
1740627646460961280,0.0010652645,0.0010652645,1e-10,-0.6548142,-0.074220255,9.564836
1740627646472159488,0.0010652645,1e-10,1e-10,-0.6991069,-0.08379706,9.532514
1740627646481340160,-0.0010652645,0.0010652645,0.0010652645,-0.6619968,-0.08619126,9.53012
1740627646490696192,0.0010652645,1e-10,1e-10,-0.6584055,-0.08140286,9.570822
1740627646500851712,0.0010652645,0.0010652645,0.0010652645,-0.6715736,-0.08738836,9.555259
1740627646510633472,0.002130529,0.0010652645,0.0010652645,-0.6691794,-0.08379706,9.580399
1740627646521008896,0.0010652645,0.0010652645,0.0010652645,-0.6751649,-0.076614454,9.555259
1740627646531520512,0.0010652645,1e-10,1e-10,-0.6631939,-0.07062895,9.546879
1740627646541157120,1e-10,0.0010652645,0.0010652645,-0.6536171,-0.06584055,9.5732155
1740627646550943744,0.002130529,1e-10,0.0010652645,-0.6560113,-0.09816227,9.544485
1740627646563743232,1e-10,1e-10,0.0010652645,-0.6703765,-0.090979666,9.574412
1740627646563754496,1e-10,1e-10,0.0010652645,-0.6703765,-0.090979666,9.574412
1740627646580417280,-0.002130529,0.0010652645,0.002130529,-0.6536171,-0.076614454,9.557653
1740627646584531200,-0.0010652645,0.0010652645,0.0010652645,-0.6715736,-0.08619126,9.5492735
1740627646604352256,-0.0010652645,1e-10,1e-10,-0.6631939,-0.077811554,9.561244
1740627646609488896,1e-10,-0.0010652645,1e-10,-0.6775591,-0.06823475,9.5732155
1740627646620868352,0.0010652645,0.0010652645,0.0010652645,-0.6751649,-0.07062895,9.55885
1740627646630441472,0.0010652645,1e-10,-0.0010652645,-0.6607997,-0.076614454,9.5013895
1740627646640889088,0.002130529,0.0010652645,1e-10,-0.6572084,-0.06703765,9.531317
1740627646649884160,0.002130529,0.0010652645,1e-10,-0.6572084,-0.07062895,9.531317
1740627646661212416,1e-10,0.002130529,0.0010652645,-0.6572084,-0.08020575,9.532514
1740627646670157056,1e-10,0.0010652645,0.0010652645,-0.6655881,-0.092176765,9.531317
1740627646679895808,0.0010652645,0.0010652645,0.002130529,-0.676362,-0.06464344,9.527725
1740627646691486720,1e-10,1e-10,0.0010652645,-0.6500258,-0.059855044,9.534908
1740627646700210944,-0.0010652645,0.0010652645,0.0010652645,-0.6560113,-0.08020575,9.570822
1740627646713987328,0.0010652645,1e-10,0.002130529,-0.6655881,-0.08020575,9.531317
1740627646724164096,0.0010652645,1e-10,0.0010652645,-0.6548142,-0.075417355,9.555259
1740627646730171904,0.0010652645,0.0010652645,0.0010652645,-0.6655881,-0.073023155,9.545682
1740627646740173056,1e-10,0.0010652645,0.0010652645,-0.6787562,-0.08259996,9.548077
1740627646744590080,-0.0010652645,0.0010652645,1e-10,-0.6691794,-0.07062895,9.551667
1740627646759866112,0.002130529,0.0010652645,1e-10,-0.6679823,-0.061052144,9.536105
1740627646772262656,1e-10,1e-10,0.0010652645,-0.6691794,-0.08499416,9.566033
1740627646775331072,0.0010652645,0.0010652645,0.0010652645,-0.6619968,-0.079008654,9.55047
1740627646811971584,1e-10,0.0010652645,1e-10,-0.6512229,-0.090979666,9.544485
1740627646820458240,0.002130529,0.002130529,0.0010652645,-0.6560113,-0.074220255,9.560047
1740627646828710912,0.0010652645,0.0010652645,0.0010652645,-0.6727707,-0.07062895,9.5385
1740627646840549888,1e-10,0.0010652645,1e-10,-0.6607997,-0.07062895,9.533711
1740627646853541632,0.002130529,1e-10,0.0010652645,-0.6667852,-0.08499416,9.551667
1740627646859843584,0.0010652645,0.002130529,0.0010652645,-0.6500258,-0.077811554,9.539697
1740627646869417472,-0.0010652645,0.0010652645,1e-10,-0.6751649,-0.08499416,9.54209
1740627646879645696,1e-10,0.0010652645,1e-10,-0.6691794,-0.090979666,9.536105
1740627646890271744,0.002130529,0.0010652645,1e-10,-0.6727707,-0.051475335,9.548077
1740627646895567872,0.0031957934,0.002130529,1e-10,-0.6739678,-0.062249243,9.544485
1740627646920339712,0.0010652645,-0.0010652645,0.0010652645,-0.664391,-0.073023155,9.540894
1740627646929841408,1e-10,0.0010652645,0.0010652645,-0.6607997,-0.05746084,9.570822
1740627646939734016,0.0010652645,1e-10,0.0010652645,-0.6356605,-0.074220255,9.543288
1740627646949644032,-0.002130529,0.0010652645,0.0010652645,-0.6631939,-0.08619126,9.526528
1740627646960296960,1e-10,0.0010652645,0.0010652645,-0.6787562,-0.079008654,9.543288
1740627646972800000,0.0010652645,0.0010652645,0.0010652645,-0.6607997,-0.062249243,9.55047
1740627646979795200,-0.002130529,-0.0010652645,1e-10,-0.664391,-0.077811554,9.5385
1740627646987979776,0.0010652645,1e-10,0.0010652645,-0.6572084,-0.07182605,9.551667
1740627647002696448,1e-10,1e-10,0.0010652645,-0.6584055,-0.05865794,9.516952
1740627647010188032,1e-10,-0.0010652645,1e-10,-0.6584055,-0.061052144,9.5492735
1740627647015683584,0.0010652645,1e-10,-0.0010652645,-0.6512229,-0.08738836,9.543288
1740627647032334080,-0.0010652645,0.0010652645,-0.0010652645,-0.6799533,-0.090979666,9.546879
1740627647039749120,1e-10,0.0010652645,1e-10,-0.676362,-0.076614454,9.527725
1740627647052546048,0.0010652645,0.0010652645,1e-10,-0.664391,-0.07182605,9.52174
1740627647052815872,0.0010652645,0.0010652645,1e-10,-0.664391,-0.07182605,9.52174
1740627647069854208,1e-10,0.0010652645,0.002130529,-0.6655881,-0.073023155,9.5385
1740627647080784128,1e-10,0.0010652645,-0.0010652645,-0.6727707,-0.077811554,9.561244
1740627647093426176,-0.0010652645,1e-10,1e-10,-0.6787562,-0.08259996,9.566033
1740627647100803328,1e-10,0.0010652645,1e-10,-0.6631939,-0.074220255,9.522937
1740627647108103936,1e-10,1e-10,1e-10,-0.6727707,-0.08020575,9.556456
1740627647122232832,0.0010652645,1e-10,0.0010652645,-0.6655881,-0.08379706,9.563639
1740627647130627072,0.002130529,1e-10,1e-10,-0.6631939,-0.08499416,9.554062
1740627647141591808,1e-10,-0.0010652645,1e-10,-0.6679823,-0.073023155,9.528923
1740627647152752640,0.0010652645,1e-10,1e-10,-0.6703765,-0.094570965,9.536105
1740627647159975680,0.0010652645,0.0010652645,0.0010652645,-0.6500258,-0.053869538,9.539697
1740627647173230080,0.0010652645,0.0010652645,0.0010652645,-0.6679823,-0.09816227,9.5385
1740627647181413888,0.0010652645,1e-10,1e-10,-0.6703765,-0.08499416,9.539697
1740627647190433792,0.0010652645,0.0031957934,1e-10,-0.6619968,-0.06464344,9.57561
1740627647200325120,0.002130529,1e-10,0.0010652645,-0.6847417,-0.089782566,9.546879
1740627647260915200,0.0010652645,0.0010652645,0.0010652645,-0.6560113,-0.079008654,9.563639
1740627647270242816,0.002130529,1e-10,0.0010652645,-0.6703765,-0.08259996,9.536105
1740627647281075200,0.0010652645,0.0010652645,0.0010652645,-0.6739678,-0.09816227,9.536105
1740627647290154752,1e-10,1e-10,0.0010652645,-0.6607997,-0.077811554,9.522937
1740627647301713664,0.0010652645,-0.0010652645,0.002130529,-0.6667852,-0.074220255,9.536105
1740627647310246400,0.0010652645,1e-10,1e-10,-0.6703765,-0.074220255,9.532514
1740627647322193408,0.0010652645,0.0010652645,0.0010652645,-0.6655881,-0.079008654,9.545682
1740627647330930176,0.0010652645,-0.0010652645,0.0010652645,-0.6655881,-0.09935937,9.55885
1740627647341060096,-0.0010652645,0.0010652645,1e-10,-0.6715736,-0.095768064,9.545682
1740627647350562304,1e-10,0.0010652645,0.0010652645,-0.6607997,-0.06703765,9.5492735
1740627647354557184,1e-10,0.002130529,1e-10,-0.6655881,-0.088585466,9.54209
1740627647372886528,1e-10,1e-10,1e-10,-0.6871359,-0.088585466,9.539697
1740627647380171264,0.0010652645,0.0010652645,0.0010652645,-0.664391,-0.08379706,9.543288
1740627647389614848,0.0010652645,0.0010652645,1e-10,-0.6619968,-0.062249243,9.554062
1740627647399712512,1e-10,1e-10,0.002130529,-0.676362,-0.08259996,9.564836
1740627647409687296,0.0010652645,1e-10,0.0010652645,-0.6584055,-0.05746084,9.561244
1740627647419777280,0.002130529,0.0010652645,1e-10,-0.6619968,-0.079008654,9.55885
1740627647430216192,0.002130529,0.0010652645,1e-10,-0.6584055,-0.08259996,9.548077
1740627647442157824,0.0010652645,0.002130529,0.0010652645,-0.6715736,-0.092176765,9.539697
1740627647449539072,1e-10,0.0010652645,1e-10,-0.6691794,-0.08259996,9.54209
1740627647460386304,0.0010652645,1e-10,0.0010652645,-0.6572084,-0.079008654,9.554062
1740627647471109120,0.0010652645,0.002130529,0.0010652645,-0.6476316,-0.08259996,9.516952
1740627647475279104,0.0010652645,0.0010652645,1e-10,-0.6584055,-0.08379706,9.545682
1740627647492749056,0.002130529,0.0010652645,1e-10,-0.6500258,-0.076614454,9.502586
1740627647492848896,0.002130529,0.0010652645,1e-10,-0.6500258,-0.076614454,9.502586
1740627647493024512,0.002130529,0.0010652645,1e-10,-0.6500258,-0.076614454,9.502586
1740627647493037568,0.002130529,0.0010652645,1e-10,-0.6500258,-0.076614454,9.502586
1740627647493084160,0.002130529,0.0010652645,1e-10,-0.6500258,-0.076614454,9.502586
1740627647549847040,0.002130529,0.0010652645,1e-10,-0.6631939,-0.090979666,9.539697
1740627647564129536,0.0010652645,0.0010652645,0.0010652645,-0.6607997,-0.08140286,9.5253315
1740627647573312000,1e-10,0.0010652645,0.0010652645,-0.6775591,-0.079008654,9.532514
1740627647579499008,-0.0010652645,1e-10,0.002130529,-0.6751649,-0.06823475,9.5385
1740627647593336832,1e-10,0.0010652645,0.0010652645,-0.676362,-0.07062895,9.587581
1740627647604183296,0.0010652645,0.0010652645,0.0010652645,-0.6679823,-0.075417355,9.546879
1740627647610066432,0.002130529,0.0010652645,0.0010652645,-0.6703765,-0.077811554,9.527725
1740627647623343872,1e-10,1e-10,0.0010652645,-0.6356605,-0.06703765,9.55885
1740627647634565376,0.0010652645,0.0010652645,1e-10,-0.6619968,-0.06584055,9.555259
1740627647644134400,0.0010652645,0.0031957934,0.0010652645,-0.6488287,-0.08379706,9.566033
1740627647649645056,1e-10,0.002130529,1e-10,-0.6607997,-0.09696517,9.519346
1740627647659618048,0.0010652645,0.0010652645,0.002130529,-0.6572084,-0.08619126,9.526528
1740627647669708544,1e-10,1e-10,0.0010652645,-0.6655881,-0.074220255,9.544485
1740627647680957696,0.002130529,1e-10,-0.0010652645,-0.6619968,-0.08140286,9.592369
1740627647689726208,1e-10,0.002130529,1e-10,-0.6584055,-0.08738836,9.544485
1740627647701188608,1e-10,0.0010652645,1e-10,-0.6512229,-0.074220255,9.534908
1740627647709869056,1e-10,0.002130529,-0.0010652645,-0.6596026,-0.079008654,9.545682
1740627647719590144,0.0010652645,0.0010652645,0.0010652645,-0.6835446,-0.077811554,9.576807
1740627647729727744,0.0010652645,0.0010652645,1e-10,-0.6679823,-0.09816227,9.555259
1740627647740780544,1e-10,-0.0010652645,1e-10,-0.6619968,-0.08499416,9.5732155
1740627647749674752,1e-10,1e-10,1e-10,-0.6691794,-0.079008654,9.56723
1740627647759636480,1e-10,-0.0010652645,1e-10,-0.6572084,-0.08259996,9.566033
1740627647770507008,1e-10,0.002130529,0.0010652645,-0.6691794,-0.076614454,9.556456
1740627647780371456,0.0010652645,0.002130529,0.002130529,-0.6727707,-0.076614454,9.519346
1740627647790562560,0.0010652645,0.0010652645,0.0010652645,-0.6512229,-0.08259996,9.566033
1740627647801082368,1e-10,0.0010652645,0.0010652645,-0.664391,-0.094570965,9.528923
1740627647810449408,1e-10,0.0010652645,0.0010652645,-0.664391,-0.06344634,9.569624
1740627647820129024,1e-10,0.002130529,0.0010652645,-0.6607997,-0.090979666,9.555259
1740627647831063040,1e-10,0.0010652645,0.0010652645,-0.6536171,-0.073023155,9.534908
1740627647840938240,0.002130529,0.002130529,1e-10,-0.6655881,-0.10175357,9.512163
1740627647851013632,0.0010652645,0.0010652645,0.0010652645,-0.6631939,-0.077811554,9.534908
1740627647861432576,0.0031957934,0.0010652645,-0.0010652645,-0.6464345,-0.10175357,9.556456
1740627647868490496,0.002130529,0.0010652645,1e-10,-0.664391,-0.08738836,9.54209
1740627647880758784,0.0010652645,0.002130529,0.002130529,-0.6631939,-0.08259996,9.554062
1740627647891050496,-0.0010652645,0.0010652645,0.0010652645,-0.6823475,-0.079008654,9.546879
1740627647901065216,0.002130529,0.002130529,0.0010652645,-0.6572084,-0.074220255,9.532514
1740627647910091264,0.002130529,0.0010652645,0.002130529,-0.6679823,-0.06943185,9.533711
1740627647921221632,0.002130529,0.0010652645,1e-10,-0.6787562,-0.074220255,9.532514
1740627647931196928,1e-10,0.002130529,-0.0010652645,-0.6751649,-0.075417355,9.51336
1740627647940289280,0.0010652645,1e-10,0.0010652645,-0.6739678,-0.077811554,9.551667
1740627647950764800,1e-10,1e-10,0.0010652645,-0.6703765,-0.05746084,9.581595
1740627647967164416,0.0010652645,1e-10,0.0010652645,-0.6548142,-0.07182605,9.568427
1740627647970882048,0.0010652645,0.0010652645,-0.0010652645,-0.6584055,-0.076614454,9.557653
1740627647981622528,0.002130529,0.0010652645,0.0010652645,-0.6536171,-0.061052144,9.548077
1740627647991175680,1e-10,0.0010652645,0.0010652645,-0.6631939,-0.06823475,9.524135
1740627648000716544,0.0010652645,0.0010652645,0.0010652645,-0.6512229,-0.06703765,9.554062
1740627648011415808,0.0010652645,-0.0010652645,0.0010652645,-0.6691794,-0.06943185,9.548077
1740627648022635008,-0.0010652645,-0.0010652645,0.0010652645,-0.6464345,-0.06703765,9.519346
1740627648029030400,0.0010652645,-0.0010652645,1e-10,-0.6607997,-0.08499416,9.508572
1740627648041559040,0.002130529,1e-10,0.0010652645,-0.6739678,-0.073023155,9.545682
1740627648047824128,1e-10,1e-10,1e-10,-0.6823475,-0.061052144,9.539697
1740627648058004992,0.0010652645,1e-10,0.0010652645,-0.6787562,-0.073023155,9.56723
1740627648073703680,0.0010652645,0.0010652645,1e-10,-0.6775591,-0.08619126,9.54209
1740627648079782912,0.0031957934,0.0010652645,0.0010652645,-0.6727707,-0.06703765,9.543288
1740627648091116544,0.002130529,1e-10,1e-10,-0.676362,-0.076614454,9.5253315
1740627648101394176,1e-10,-0.0010652645,0.0010652645,-0.6560113,-0.08379706,9.5385
1740627648110914816,1e-10,0.0010652645,1e-10,-0.6619968,-0.08499416,9.531317
1740627648119968000,0.0010652645,0.002130529,-0.0010652645,-0.6464345,-0.076614454,9.516952
1740627648130929408,1e-10,1e-10,1e-10,-0.6727707,-0.07062895,9.583989
1740627648140799744,0.0010652645,-0.0010652645,0.0010652645,-0.6572084,-0.094570965,9.519346
1740627648145056512,0.0010652645,-0.002130529,0.002130529,-0.6655881,-0.076614454,9.526528
1740627648161753088,0.0010652645,0.0010652645,1e-10,-0.6787562,-0.088585466,9.55047
1740627648170749184,0.0031957934,0.002130529,0.0010652645,-0.6560113,-0.08738836,9.55885
1740627648180418560,0.002130529,0.002130529,0.0010652645,-0.6596026,-0.089782566,9.524135
1740627648191119872,0.0010652645,0.0010652645,0.0010652645,-0.6572084,-0.10534488,9.564836
1740627648201011200,1e-10,0.0010652645,0.0010652645,-0.6655881,-0.075417355,9.54209
1740627648211192320,1e-10,1e-10,0.0010652645,-0.6823475,-0.074220255,9.543288
1740627648222080512,-0.002130529,0.0010652645,-0.0010652645,-0.676362,-0.08619126,9.524135
1740627648231148032,-0.0010652645,-0.0010652645,0.0010652645,-0.6775591,-0.08140286,9.509769
1740627648237631744,1e-10,0.0010652645,0.002130529,-0.6548142,-0.05865794,9.507375
1740627648248157184,0.0010652645,0.0010652645,1e-10,-0.676362,-0.06823475,9.537302
1740627648260673024,0.0010652645,0.0010652645,0.0010652645,-0.6655881,-0.09696517,9.568427
1740627648271062528,0.002130529,-0.0010652645,0.0010652645,-0.6536171,-0.073023155,9.554062
1740627648281402368,0.0010652645,0.0010652645,0.0010652645,-0.6655881,-0.089782566,9.528923
1740627648284728064,0.0010652645,0.0010652645,0.0010652645,-0.6775591,-0.08738836,9.528923
1740627648301236480,0.0010652645,1e-10,1e-10,-0.65242,-0.093373865,9.504981
1740627648304822016,1e-10,1e-10,0.0010652645,-0.6691794,-0.095768064,9.520543
1740627648321294080,0.0010652645,0.002130529,0.0010652645,-0.6536171,-0.090979666,9.560047
1740627648331519744,0.002130529,0.002130529,0.0010652645,-0.6835446,-0.10055647,9.533711
1740627648341887488,0.0010652645,1e-10,0.0010652645,-0.6667852,-0.074220255,9.52174
1740627648351273984,0.0010652645,1e-10,0.0010652645,-0.6584055,-0.08619126,9.536105
1740627648362538240,0.0010652645,0.0010652645,0.0010652645,-0.664391,-0.079008654,9.548077
1740627648371012352,0.0010652645,0.0010652645,0.002130529,-0.6631939,-0.094570965,9.51336
1740627648382480896,0.0010652645,0.0010652645,-0.0010652645,-0.6560113,-0.089782566,9.536105
1740627648391340288,1e-10,-0.0010652645,0.0010652645,-0.6703765,-0.08020575,9.562442
1740627648398473728,0.0010652645,1e-10,1e-10,-0.6488287,-0.075417355,9.544485
1740627648411483904,0.0010652645,0.0010652645,1e-10,-0.6667852,-0.095768064,9.522937
1740627648420747776,1e-10,0.0010652645,1e-10,-0.6560113,-0.092176765,9.506178
1740627648431237632,0.0010652645,0.0010652645,0.002130529,-0.664391,-0.095768064,9.519346
1740627648440666112,0.0010652645,0.002130529,0.0010652645,-0.6655881,-0.079008654,9.557653
1740627648451016960,1e-10,0.0010652645,0.0010652645,-0.6631939,-0.09696517,9.508572
1740627648457081856,0.002130529,0.0010652645,1e-10,-0.6596026,-0.08738836,9.539697
1740627648470753792,0.0010652645,1e-10,1e-10,-0.6703765,-0.08259996,9.55885
1740627648481305600,-0.0010652645,0.0010652645,0.0010652645,-0.6536171,-0.08499416,9.5492735
1740627648484820224,1e-10,0.0010652645,0.0010652645,-0.6655881,-0.06823475,9.544485
1740627648501042432,1e-10,1e-10,0.002130529,-0.664391,-0.077811554,9.5385
1740627648505122048,1e-10,1e-10,1e-10,-0.6548142,-0.092176765,9.545682
1740627648520870656,0.0010652645,0.0010652645,-0.0010652645,-0.6548142,-0.07062895,9.5492735
1740627648530885120,1e-10,0.0010652645,0.0010652645,-0.664391,-0.094570965,9.55047
1740627648538555904,0.002130529,0.0010652645,0.0010652645,-0.6655881,-0.089782566,9.537302
1740627648548876544,0.0010652645,0.0010652645,0.0010652645,-0.6596026,-0.08379706,9.545682
1740627648560386560,1e-10,1e-10,0.0010652645,-0.6703765,-0.08619126,9.534908
1740627648567894784,1e-10,1e-10,0.0010652645,-0.6943185,-0.073023155,9.518148
1740627648580148736,1e-10,1e-10,0.0010652645,-0.6631939,-0.079008654,9.5253315
1740627648590238464,0.002130529,1e-10,1e-10,-0.6584055,-0.06823475,9.527725
1740627648600032512,0.0010652645,0.0010652645,0.0010652645,-0.6739678,-0.08499416,9.5385
1740627648609496320,1e-10,0.002130529,0.0010652645,-0.6428431,-0.06344634,9.562442
1740627648619593984,1e-10,0.0010652645,0.0010652645,-0.6751649,-0.08259996,9.53012
1740627648629715968,1e-10,1e-10,1e-10,-0.6476316,-0.079008654,9.519346
1740627648641996032,0.0031957934,1e-10,0.002130529,-0.6440403,-0.08738836,9.5385
1740627648652937216,0.002130529,1e-10,0.0010652645,-0.6739678,-0.090979666,9.557653
1740627648660109312,0.0031957934,0.0010652645,1e-10,-0.6596026,-0.06464344,9.548077
1740627648670601984,1e-10,0.0010652645,0.0010652645,-0.6715736,-0.08738836,9.556456
1740627648674456320,0.0010652645,0.0010652645,0.002130529,-0.6536171,-0.08379706,9.519346
1740627648690138368,1e-10,0.0010652645,0.0010652645,-0.6584055,-0.090979666,9.5385
1740627648695479808,1e-10,0.002130529,1e-10,-0.65242,-0.08020575,9.528923
1740627648710208768,1e-10,0.0010652645,0.0010652645,-0.6775591,-0.08738836,9.543288
1740627648714929408,0.002130529,1e-10,0.0010652645,-0.6536171,-0.090979666,9.536105
1740627648730434048,0.002130529,1e-10,0.0010652645,-0.6548142,-0.08379706,9.563639
1740627648740052224,1e-10,1e-10,0.0010652645,-0.6500258,-0.06943185,9.566033
1740627648754066688,0.0010652645,0.0010652645,0.0010652645,-0.6572084,-0.08499416,9.514558
1740627648760303104,0.002130529,0.0010652645,0.0010652645,-0.6572084,-0.076614454,9.562442
1740627648773197312,0.002130529,-0.0010652645,0.0010652645,-0.6799533,-0.089782566,9.55885
1740627648780186624,1e-10,1e-10,0.0010652645,-0.6727707,-0.079008654,9.564836
1740627648792972544,0.0010652645,1e-10,0.002130529,-0.6584055,-0.050278235,9.5732155
1740627648800104448,0.002130529,1e-10,0.0010652645,-0.6428431,-0.077811554,9.556456
1740627648810091520,1e-10,1e-10,0.0010652645,-0.6823475,-0.07062895,9.533711
1740627648815645184,1e-10,-0.0010652645,0.0010652645,-0.6727707,-0.07062895,9.562442
1740627648829487616,0.002130529,-0.0010652645,1e-10,-0.6751649,-0.094570965,9.526528
1740627648840657920,0.0010652645,0.0010652645,1e-10,-0.6404489,-0.08379706,9.502586
1740627648851800832,1e-10,0.0010652645,0.002130529,-0.6655881,-0.08259996,9.520543
1740627648859990528,0.002130529,0.0010652645,0.0010652645,-0.6667852,-0.08020575,9.500193
1740627648870845184,0.0010652645,0.0010652645,0.002130529,-0.6691794,-0.074220255,9.504981
1740627648878143744,1e-10,1e-10,1e-10,-0.6404489,-0.10414778,9.49301
1740627648889630720,0.0010652645,0.0010652645,0.0010652645,-0.6344634,-0.088585466,9.531317
1740627648900746752,0.0010652645,0.002130529,-0.0010652645,-0.6452374,-0.09696517,9.528923
1740627648910590720,-0.0010652645,1e-10,1e-10,-0.664391,-0.092176765,9.539697
1740627648919670016,0.002130529,0.0010652645,0.002130529,-0.6691794,-0.092176765,9.545682
1740627648930834432,0.002130529,0.0010652645,0.0010652645,-0.6679823,-0.05865794,9.576807
1740627648941385984,0.0010652645,0.002130529,1e-10,-0.6787562,-0.090979666,9.507375
1740627648951192576,0.002130529,-0.0010652645,1e-10,-0.6739678,-0.07062895,9.506178
1740627648960972032,0.002130529,0.0010652645,-0.0010652645,-0.6679823,-0.095768064,9.54209
1740627648970781952,0.0010652645,1e-10,0.0010652645,-0.6488287,-0.06823475,9.5013895
1740627648981682432,0.0010652645,0.0010652645,1e-10,-0.6787562,-0.088585466,9.515755
1740627648990766592,0.0010652645,1e-10,1e-10,-0.6572084,-0.094570965,9.55047
1740627649000664064,0.0010652645,1e-10,1e-10,-0.6452374,-0.10055647,9.540894
1740627649012526848,1e-10,0.0010652645,1e-10,-0.6584055,-0.090979666,9.561244
1740627649020715520,1e-10,1e-10,1e-10,-0.6548142,-0.073023155,9.527725
1740627649034302464,1e-10,0.0010652645,0.002130529,-0.6631939,-0.08499416,9.520543
1740627649040978432,0.0010652645,0.0010652645,0.0010652645,-0.6655881,-0.088585466,9.539697
1740627649044515584,0.0010652645,0.0010652645,0.0010652645,-0.6607997,-0.08499416,9.519346
1740627649060282624,1e-10,0.002130529,1e-10,-0.676362,-0.08499416,9.537302
1740627649070208512,0.0010652645,0.0010652645,0.0010652645,-0.6787562,-0.08619126,9.508572
1740627649080103680,0.0010652645,1e-10,0.002130529,-0.6655881,-0.092176765,9.531317
1740627649091919616,0.0010652645,0.0010652645,0.0010652645,-0.6859388,-0.076614454,9.556456
1740627649102301696,0.002130529,1e-10,0.0010652645,-0.6512229,-0.07062895,9.527725
1740627649110128384,0.0010652645,0.0010652645,0.0010652645,-0.6631939,-0.077811554,9.55047
1740627649116126464,0.0010652645,1e-10,0.0010652645,-0.6488287,-0.08140286,9.566033
1740627649130739712,0.002130529,1e-10,0.0010652645,-0.6655881,-0.074220255,9.5013895
1740627649139665152,0.002130529,0.002130529,0.0010652645,-0.6703765,-0.062249243,9.534908
1740627649150280960,0.0010652645,1e-10,1e-10,-0.6512229,-0.10414778,9.531317
1740627649160316672,0.002130529,1e-10,-0.0010652645,-0.6631939,-0.076614454,9.554062
1740627649169657600,0.0031957934,0.0010652645,1e-10,-0.6835446,-0.07182605,9.578004
1740627649182670848,1e-10,0.0010652645,1e-10,-0.6428431,-0.08259996,9.537302
1740627649189890304,-0.0010652645,1e-10,0.0010652645,-0.6607997,-0.08259996,9.506178
1740627649194654720,-0.0010652645,1e-10,0.0010652645,-0.6631939,-0.094570965,9.498995
1740627649209926656,1e-10,0.0010652645,0.0010652645,-0.6536171,-0.10175357,9.574412
1740627649214385664,1e-10,1e-10,0.002130529,-0.6667852,-0.092176765,9.544485
1740627649233001728,0.0031957934,0.0010652645,0.0010652645,-0.6380547,-0.08619126,9.537302
1740627649240082688,0.002130529,1e-10,-0.0010652645,-0.6356605,-0.08619126,9.55047
1740627649249956864,0.0010652645,1e-10,0.0010652645,-0.6655881,-0.08499416,9.56723
1740627649254154240,0.0010652645,0.0010652645,0.0010652645,-0.664391,-0.08738836,9.564836
1740627649271141120,0.0010652645,1e-10,0.0010652645,-0.6847417,-0.079008654,9.5013895
1740627649283684864,1e-10,1e-10,0.0010652645,-0.6607997,-0.08140286,9.552865
1740627649291274752,0.0010652645,1e-10,0.0010652645,-0.6715736,-0.088585466,9.524135
1740627649301645312,1e-10,0.0010652645,0.0010652645,-0.6655881,-0.08140286,9.5492735
1740627649310685952,0.002130529,1e-10,0.0010652645,-0.6739678,-0.073023155,9.5492735
1740627649320560640,1e-10,1e-10,0.002130529,-0.6655881,-0.10295067,9.570822
1740627649332092928,1e-10,1e-10,0.0010652645,-0.6476316,-0.089782566,9.564836
1740627649341189120,1e-10,1e-10,0.0010652645,-0.664391,-0.107739076,9.561244
1740627649350731008,0.007456851,-0.002130529,1e-10,-0.6679823,-0.08259996,9.448717
1740627649361316352,0.007456851,-0.0031957934,-0.002130529,-0.6428431,-0.06943185,9.537302
1740627649371463424,0.004261058,1e-10,-0.0031957934,-0.6751649,-0.089782566,9.560047
1740627649374867968,0.004261058,-0.0010652645,-0.0010652645,-0.6572084,-0.095768064,9.546879
1740627649391393792,0.0010652645,0.0010652645,-0.002130529,-0.6895301,-0.094570965,9.545682
1740627649400946944,0.0010652645,-0.002130529,-0.0010652645,-0.6404489,-0.08738836,9.534908
1740627649411012096,0.0010652645,0.002130529,-0.0010652645,-0.7015011,-0.12090719,9.524135
1740627649421313792,-0.0127831735,0.002130529,-0.0031957934,-0.760159,-0.08619126,9.385271
1740627649430716416,-0.008522116,-0.011717909,0.002130529,-0.6584055,-0.08379706,9.604341
1740627649440575744,1e-10,0.004261058,1e-10,-0.6596026,-0.110133275,9.940725
1740627649446481664,0.008522116,0.0053263223,-0.0010652645,-0.61770403,-0.076614454,9.332599
1740627649461406464,-0.0053263223,0.0010652645,0.004261058,-0.7398083,-0.10654198,9.557653
1740627649470996480,0.002130529,-0.018109497,0.0031957934,-0.6476316,-0.046686932,9.7719345
1740627649480827648,-0.002130529,-0.0031957934,0.004261058,-0.61890113,-0.090979666,9.41041
1740627649488895488,1e-10,1e-10,0.004261058,-0.61890113,-0.08499416,9.566033
1740627649501290240,0.0031957934,0.0031957934,0.0127831735,-0.6871359,-0.110133275,9.3733
1740627649511378176,0.0031957934,-0.0063915867,0.0127831735,-0.61890113,-0.074220255,9.520543
1740627649521990912,0.00958738,-0.0053263223,0.004261058,-0.6404489,-0.051475335,9.504981
1740627649529781760,0.0063915867,-0.0031957934,0.0031957934,-0.6847417,-0.090979666,9.469068
1740627649541906176,0.0010652645,0.0063915867,1e-10,-0.6715736,-0.08259996,9.633071
1740627649549461504,0.0063915867,0.0063915867,1e-10,-0.664391,-0.06584055,9.384073
1740627649559646208,-0.0031957934,0.0031957934,1e-10,-0.6619968,-0.06584055,9.467871
1740627649569611776,-0.002130529,-0.0031957934,-0.0010652645,-0.6476316,-0.077811554,9.528923
1740627649580136960,-0.002130529,0.0031957934,0.0010652645,-0.62728083,-0.090979666,9.581595
1740627649584538624,-0.002130529,0.0053263223,0.0010652645,-0.6488287,-0.08259996,9.589975
1740627649600260352,0.002130529,0.008522116,1e-10,-0.676362,-0.10175357,9.386468
1740627649611386368,-0.002130529,-0.0031957934,0.0010652645,-0.6332663,-0.10055647,9.69532
1740627649620909568,0.004261058,0.002130529,1e-10,-0.6715736,-0.08379706,9.44752
1740627649630549504,-0.0031957934,-0.0063915867,0.002130529,-0.6823475,-0.11372458,9.509769
1740627649651488256,0.0010652645,-0.010652645,0.002130529,-0.6488287,-0.08259996,9.540894
1740627649655458560,-0.0010652645,-0.0053263223,0.0031957934,-0.62368953,-0.09816227,9.552865
1740627649670131200,0.0031957934,-0.0010652645,0.002130529,-0.7110779,-0.094570965,9.518148
1740627649679822080,-0.0010652645,-0.0053263223,0.0053263223,-0.6799533,-0.11252748,9.489418
1740627649684445952,1e-10,-0.007456851,0.0053263223,-0.6799533,-0.11252748,9.489418
1740627649698050048,-0.002130529,-0.014913702,0.00958738,-0.7074866,-0.14844051,9.357738
1740627649705486848,-0.00958738,-0.010652645,0.017044231,-0.6835446,-0.1592144,9.722853
1740627649720738816,0.013848438,0.0053263223,0.022370555,-0.9900024,-0.45370123,9.464279
1740627649730979584,0.013848438,0.011717909,0.07669904,-1.0079589,-0.5746084,9.838972
1740627649740161792,-0.0031957934,0.043675844,0.10439592,-0.5303157,0.08140286,9.642648
1740627649744410112,0.004261058,0.03089267,0.094808534,-0.5686229,0.090979666,8.907627
1740627649764451328,1e-10,-0.022370555,-0.010652645,-0.60214174,0.035913024,9.878476
1740627649774345472,-0.0010652645,-0.011717909,-0.02130529,-0.6847417,-0.18555063,9.783905
1740627649780195584,-0.0127831735,0.01917476,-0.00958738,-0.6560113,-0.1604115,9.433155
1740627649791675392,-0.00958738,0.020240024,-0.0063915867,-0.664391,-0.09696517,9.674969
1740627649800221440,-0.0053263223,0.027696876,-0.007456851,-0.80086046,-0.17118542,9.562442
1740627649811309568,-0.0127831735,0.018109497,-0.025566347,-0.89782566,-0.10295067,9.232041
1740627649814532352,-0.011717909,0.010652645,-0.039414786,-0.91937345,-0.08619126,9.43914
1740627649829896448,0.00958738,0.0063915867,-0.10652645,-0.6607997,0.021547815,9.661801
1740627649835428864,0.00958738,0.020240024,-0.13848437,-0.59855044,-0.031124622,9.653421
1740627649851116032,0.018109497,0.070307456,-0.27164245,0.0047884034,-0.06584055,9.57561
1740627649861095168,0.00958738,0.083090626,-0.36218992,0.05865794,-0.24660277,9.66659
1740627649872758528,0.027696876,0.084155895,-0.44528055,0.1604115,-0.11731588,9.442732
1740627649881157888,0.025566347,0.060720075,-0.50600064,0.0011971008,-0.18195933,9.28232
1740627649884671488,0.017044231,0.04580637,-0.5209143,-0.20949265,-0.2693477,9.357738
1740627649900645120,0.0063915867,0.004261058,-0.47510794,-0.830788,-0.51595044,9.53012
1740627649910898944,0.0127831735,-0.0063915867,-0.38029942,-1.282095,-0.46327803,9.555259
1740627649921234688,-0.0053263223,-0.0010652645,-0.2695119,-1.6699557,-0.39743748,9.57561
1740627649932098304,-0.007456851,0.014913702,-0.15659387,-1.7621324,-0.30765492,9.665392
1740627649941157120,-0.0031957934,0.023435818,-0.05965481,-1.6280571,-0.39743748,9.375694
1740627649950285312,-0.011717909,0.022370555,-0.017044231,-1.6089035,-0.48961425,9.387665
1740627649963183360,-0.0479369,0.04580637,0.082025364,-0.94092125,-0.7733272,9.277532
1740627649970405120,-0.09161274,0.066046394,0.096939065,-0.60094464,-0.6392518,9.600749
1740627649980973568,-0.10546118,0.07989483,0.06498113,-0.5518635,-0.51235914,9.818622
1740627649990625536,-0.10333065,0.05752428,0.0127831735,-0.4225766,-0.557849,9.952697
1740627650003438080,-0.10972224,-0.007456851,-0.041545313,-0.46208093,-0.49559975,10.198102
1740627650010232320,-0.11611383,-0.10333065,-0.07669904,-0.5805939,-0.48123455,10.456676
1740627650021633280,-0.111852765,-0.19068234,-0.09054748,-0.36032736,-0.50996494,10.6398325
1740627650031156480,-0.080960095,-0.24927188,-0.10972224,-0.1316811,-0.50637364,10.736797
1740627650041500928,-0.054328486,-0.27483824,-0.12783173,0.009576807,-0.44891283,10.754754
1740627650051220480,0.04261058,-0.38562572,-0.22264028,0.108936176,-0.40342298,10.380061
1740627650057306880,0.06711166,-0.4314321,-0.25992453,0.0023942017,-0.49200845,10.275913
1740627650070546688,0.096939065,-0.5390238,-0.330232,-0.30765492,-0.8403648,10.000581
1740627650081010432,0.098004326,-0.5944176,-0.33449304,-0.37349546,-1.0642227,9.765948
1740627650091187200,0.084155895,-0.6263755,-0.3206446,-0.39743748,-1.198298,9.591172
1740627650101099776,0.05752428,-0.64341974,-0.29614353,-0.48841715,-1.1755531,9.537302
1740627650112048640,0.027696876,-0.6625945,-0.26631612,-0.58897364,-1.1228806,9.51336
1740627650119255040,0.013848438,-0.6679208,-0.24607609,-0.61052144,-1.1085154,9.552865
1740627650131435008,-0.025566347,-0.6306366,-0.18216023,-0.60333884,-1.033098,9.633071
1740627650142670592,-0.040480047,-0.5773733,-0.13741912,-0.62368953,-0.8690952,9.736021
1740627650152194816,-0.043675844,-0.5123922,-0.101200126,-0.6332663,-0.6787562,9.774328
1740627650161424384,-0.034088463,-0.45060685,-0.07137272,-0.6751649,-0.5542577,9.886856
1740627650166438912,-0.02130529,-0.41971418,-0.053263225,-0.7206547,-0.51355624,9.973047
1740627650181081344,0.05752428,-0.31638354,0.018109497,-0.5674258,-0.47405192,9.93474
1740627650190820864,0.12037488,-0.25246766,0.068176925,-0.38187516,-0.5446809,9.704897
1740627650201568256,0.17896444,-0.18642128,0.11717909,-0.2861071,-0.7661445,9.605537
1740627650211371520,0.22903186,-0.12357068,0.16724652,-0.2669535,-0.85473,9.527725
1740627650221020160,0.26418558,-0.08735169,0.2066613,-0.20590134,-0.81043726,9.451111
1740627650230625792,0.27164245,-0.05006743,0.22370553,0.039504327,-0.7493851,9.357738
1740627650240930048,0.24501082,-0.00958738,0.20985709,0.21787235,-0.7170634,9.160215
1740627650250115840,0.1917476,0.01917476,0.16937704,0.35673606,-0.7290344,9.094376
1740627650256405760,0.16405073,0.034088463,0.13954964,0.39025488,-0.7278373,9.081207
1740627650268464128,0.13422333,0.049002163,0.10333065,0.40821138,-0.70509243,9.058462
1740627650282823168,0.05006743,0.0777643,-0.05006743,0.33279404,-0.61530983,9.056067
1740627650291690240,0.0127831735,0.09161274,-0.12144015,0.46806642,-0.545878,8.965088
1740627650300897024,-0.037284255,0.10865697,-0.19068234,0.50517654,-0.51954174,8.939949
1740627650310202112,-0.07563378,0.11504856,-0.2514024,0.48243165,-0.5351041,8.954314
1740627650321337088,-0.10439592,0.098004326,-0.30040458,0.33758244,-0.5566519,8.965088
1740627650325030912,-0.11824436,0.0777643,-0.31957933,0.33877954,-0.5279215,8.968679
1740627650341328384,-0.17257284,0.0053263223,-0.33981937,0.06344634,-0.46806642,8.995016
1740627650350735616,-0.2034655,-0.056459017,-0.3110572,-0.24301147,-0.37948096,9.153033
1740627650360739584,-0.21518342,-0.10865697,-0.25672874,-0.39025488,-0.33638534,9.329007
1740627650370728960,-0.20879184,-0.13315806,-0.1949434,-0.40940848,-0.24420857,9.3661175
1740627650379112192,-0.2034655,-0.13741912,-0.16724652,-0.35553896,-0.21787235,9.39365
1740627650391795200,-0.17470337,-0.11717909,-0.11611383,-0.09696517,-0.1436521,9.441534
1740627650403300864,-0.14913702,-0.0958738,-0.11504856,0.1436521,-0.12210429,9.421184
1740627650409352960,-0.13741912,-0.08948222,-0.12144015,0.18794483,-0.08738836,9.352949
1740627650416617216,-0.12996227,-0.08628642,-0.128897,0.107739076,-0.08379706,9.428367
1740627650429879552,-0.094808534,-0.09161274,-0.13528858,-0.1328782,-0.011971008,9.715671
1740627650440141568,-0.060720075,-0.080960095,-0.12783173,-0.047884032,-0.03232172,9.844957
1740627650452691456,-0.015978966,-0.05752428,-0.12250541,-0.05626374,-0.05865794,9.805453
1740627650459489280,0.025566347,-0.035153728,-0.1257012,0.038307227,-0.094570965,9.712079
1740627650469623552,0.054328486,-0.015978966,-0.13741912,0.20231004,-0.18555063,9.64145
1740627650476244224,0.0628506,-0.0127831735,-0.1438107,0.21308395,-0.21188685,9.643845
1740627650490037248,0.0777643,-0.033023197,-0.15765914,0.16759412,-0.34596214,9.536105
1740627650501562368,0.0777643,-0.07669904,-0.14807177,0.20829555,-0.4165911,9.57561
1740627650510950144,0.07456851,-0.12250541,-0.12996227,0.17357962,-0.4189853,9.676167
1740627650521005568,0.07989483,-0.1768339,-0.098004326,0.062249243,-0.40701428,9.79827
1740627650530759936,0.10226539,-0.18429075,-0.08841695,0.025139118,-0.3878607,9.801862
1740627650541330432,0.12037488,-0.17257284,-0.07137272,0.020350715,-0.36152446,9.76954
1740627650552932352,0.13315806,-0.14594123,-0.066046394,0.1364695,-0.32920274,9.651027
1740627650563982336,0.14061491,-0.094808534,-0.07243799,0.34356794,-0.3172317,9.5013895
1740627650570845184,0.13741912,-0.07456851,-0.0777643,0.37588966,-0.38187516,9.478644
1740627650581966336,0.13209279,-0.035153728,-0.0958738,0.35553896,-0.49440265,9.580399
1740627650590576384,0.14168017,-0.024501082,-0.10652645,0.25617957,-0.4357447,9.688137
1740627650600059904,0.14913702,-0.02876214,-0.10865697,0.2645593,-0.40940848,9.7563715
1740627650610833664,0.18109496,-0.039414786,-0.10865697,0.46088383,-0.48961425,9.821015
1740627650621782528,0.1949434,-0.037284255,-0.1107875,0.47884035,-0.5398925,9.816227
1740627650630864896,0.23329292,-0.02130529,-0.111852765,0.34356794,-0.62129533,9.859323
1740627650644390400,0.22796659,-0.008522116,-0.098004326,0.12210429,-0.62728083,9.534908
1740627650650024704,0.21092236,-0.01917476,-0.084155895,0.010773907,-0.6703765,9.416395
1740627650658039808,0.18748654,-0.03089267,-0.06178534,0.0023942017,-0.6967127,9.414001
1740627650670490880,0.112918034,-0.051132694,0.029827405,0.4441244,-0.736217,9.43076
1740627650680796928,0.09267801,-0.056459017,0.07243799,0.6715736,-0.58897364,9.518148
1740627650691578368,0.09374327,-0.06178534,0.082025364,0.7793127,-0.37588966,9.475053
1740627650700126464,0.08522116,-0.07137272,0.060720075,0.7350199,-0.20111294,9.293094
1740627650709115392,0.05219796,-0.080960095,0.024501082,0.7374141,-0.1604115,9.414001
1740627650718846720,0.036218993,-0.082025364,0.004261058,0.7505822,-0.17357962,9.536105
1740627650730941696,0.02876214,-0.08841695,-0.05539375,0.6799533,-0.31364042,9.854534
1740627650738458112,0.036218993,-0.09267801,-0.06924219,0.60453594,-0.35194764,9.862914
1740627650750471424,0.06498113,-0.12463594,-0.08628642,0.40581718,-0.40462008,9.800665
1740627650759116032,0.06711166,-0.13848437,-0.080960095,0.37828386,-0.41299978,9.788693
1740627650769993216,0.066046394,-0.15126756,-0.033023197,0.16998832,-0.37828386,9.751583
1740627650778991616,0.06391586,-0.1470065,-0.00958738,0.092176765,-0.36750996,9.738416
1740627650793655808,0.066046394,-0.082025364,0.06711166,0.32441434,-0.33877954,9.698911
1740627650800624640,0.08841695,-0.018109497,0.10013486,0.47165772,-0.2789245,9.665392
1740627650810564608,0.12357068,0.043675844,0.112918034,0.47884035,-0.16400282,9.537302
1740627650820810752,0.14487597,0.1107875,0.113983296,0.33399114,-0.06464344,9.507375
1740627650830973952,0.15126756,0.19068234,0.11824436,0.18555063,1e-10,9.682152
1740627650840850944,0.16298546,0.26205507,0.1257012,0.130484,0.051475335,9.813833
1740627650851861760,0.17789917,0.31638354,0.13209279,0.12808979,-0.045489833,9.783905
1740627650858128384,0.18109496,0.3355583,0.13954964,0.17836803,-0.11731588,9.750386
1740627650870119424,0.1736381,0.3536678,0.1587244,0.46208093,-0.24899697,9.601946
1740627650881453056,0.16085494,0.3334278,0.16192019,0.7074866,-0.32321724,9.5013895
1740627650892175360,0.13315806,0.30040458,0.1470065,0.91937345,-0.3196259,9.2547865
1740627650901999360,0.0777643,0.2514024,0.10546118,1.0714053,-0.39743748,9.136273
1740627650910044672,0.014913702,0.18748654,0.04474111,1.1372458,-0.4165911,9.229648
1740627650921929216,-0.034088463,0.11504856,-0.029827405,1.2018893,-0.44532153,9.188946
1740627650929874432,-0.07882957,0.046871636,-0.113983296,1.2018893,-0.4309563,9.17099
1740627650940717568,-0.12250541,-0.00958738,-0.19707392,0.9780314,-0.34955344,9.16261
1740627650950829568,-0.15446335,-0.049002163,-0.26844665,0.5734113,-0.22744916,9.337387
1740627650960824064,-0.16937704,-0.07243799,-0.31851408,0.16160862,-0.10534488,9.387665
1740627650970821632,-0.17576863,-0.06711166,-0.33449304,-0.047884032,-0.046686932,9.449914
1740627650981457152,-0.17789917,-0.033023197,-0.330232,0.005985504,0.017956512,9.392453
1740627650990574080,-0.16937704,0.008522116,-0.32810146,0.130484,0.1316811,9.285912
1740627651002163968,-0.16405073,0.041545313,-0.3355583,0.24540567,0.18076223,9.126697
1740627651011242496,-0.165116,0.039414786,-0.34194988,0.320823,0.22744916,9.083601
1740627651022904064,-0.17044231,0.00958738,-0.34514567,0.2896984,0.29448682,9.17099
1740627651031615488,-0.16618125,-0.025566347,-0.34088463,0.2693477,0.24779987,9.31105
1740627651039248128,-0.15339808,-0.046871636,-0.33662358,0.2789245,0.22266077,9.296685
1740627651051698176,-0.10013486,-0.10546118,-0.32170987,0.23343466,0.10055647,9.251195
1740627651059092992,-0.083090626,-0.12676647,-0.3110572,0.23343466,0.088585466,9.188946
1740627651071683840,-0.04261058,-0.18216023,-0.27483824,0.33997664,0.092176765,9.074024
1740627651079286016,-0.034088463,-0.1949434,-0.26312032,0.2873042,0.07182605,9.018958
1740627651088004352,-0.027696876,-0.21198763,-0.23648871,0.11971009,-0.0035913025,9.01776
1740627651101805568,-0.017044231,-0.23435818,-0.19281286,0.07062895,0.016759412,8.99741
1740627651111052032,-0.022370555,-0.22903186,-0.16618125,0.16160862,0.04070143,8.954314
1740627651120128512,-0.02130529,-0.21518342,-0.14274544,0.22864626,0.12928689,9.082404
1740627651129915648,-0.00958738,-0.19600865,-0.13315806,0.3172317,0.18674773,9.166202
1740627651140030464,0.01917476,-0.17044231,-0.13635385,0.34835634,0.17238252,9.309854
1740627651153471744,0.054328486,-0.1470065,-0.15126756,0.272939,0.19273324,9.300277
1740627651162644736,0.07563378,-0.13315806,-0.16831179,0.06703765,0.22625206,9.193734
1740627651171128320,0.06391586,-0.10759171,-0.16724652,-0.23822308,0.18195933,9.233239
1740627651181690624,0.036218993,-0.068176925,-0.14168017,-0.37110126,0.14604631,9.321824
1740627651188036096,0.024501082,-0.04474111,-0.12250541,-0.39743748,0.12689269,9.367314
1740627651201702400,0.008522116,0.036218993,-0.05965481,-0.21667525,0.15083471,9.606734
1740627651211939072,0.011717909,0.09267801,-0.036218993,0.10055647,0.23463176,9.6845455
1740627651221224704,0.03089267,0.13635385,-0.040480047,0.45370123,0.2705448,9.791088
1740627651228119552,0.04261058,0.14913702,-0.054328486,0.5506664,0.25977087,9.847352
1740627651236998144,0.06391586,0.16298546,-0.09267801,0.6536171,0.24301147,9.947908
1740627651251245568,0.07350325,0.15020229,-0.15020229,0.62368953,0.089782566,9.731233
1740627651260859136,0.05219796,0.1107875,-0.18216023,0.6655881,-0.045489833,9.752781
1740627651271218688,0.026631612,0.068176925,-0.19813919,0.81283146,-0.15562311,9.779117
1740627651281659904,0.008522116,0.022370555,-0.20985709,0.8415619,-0.23582886,9.659407
1740627651290881792,-0.01917476,-0.036218993,-0.2130529,0.78769237,-0.20231004,9.53012
1740627651301359360,-0.070307456,-0.094808534,-0.20559604,0.51595044,-0.1352724,9.537302
1740627651311133440,-0.13954964,-0.13954964,-0.18322548,0.17118542,-0.021547815,9.698911
1740627651319073792,-0.17150758,-0.15339808,-0.16831179,0.038307227,0.08020575,9.810242
1740627651332390656,-0.23435818,-0.13422333,-0.11717909,-0.17717093,0.2645593,10.102334
1740627651339535872,-0.24607609,-0.10546118,-0.10546118,-0.22984336,0.4333505,10.133459
1740627651351632128,-0.26312032,0.036218993,-0.09161274,-0.12569559,0.46686932,10.116699
1740627651359167488,-0.26312032,0.094808534,-0.09161274,-0.05626374,0.47046062,10.146626
1740627651370949632,-0.25033715,0.20559604,-0.08841695,0.011971008,0.45489833,10.241198
1740627651381175040,-0.1949434,0.31957933,-0.080960095,0.18794483,0.3866636,10.213664
1740627651391091200,-0.16618125,0.32170987,-0.08628642,0.45250413,0.3842694,9.879673
1740627651400774912,-0.165116,0.25246766,-0.08948222,0.5770026,0.30166942,9.880871
1740627651411104512,-0.16618125,0.1555286,-0.07456851,0.51235914,0.22385786,10.022128
1740627651421508864,-0.15446335,0.041545313,-0.05219796,0.4321534,0.110133275,10.166978
1740627651430379776,-0.12676647,-0.07456851,-0.022370555,0.25378537,0.044292733,10.127473
1740627651440695296,-0.113983296,-0.16192019,0.0053263223,0.08738836,0.11731588,9.988609
1740627651451063296,-0.1257012,-0.2034655,0.02876214,0.088585466,0.1400608,9.719262
1740627651461445632,-0.13954964,-0.19600865,0.04474111,0.12210429,0.17956513,9.599552
1740627651471442688,-0.128897,-0.14594123,0.05539375,0.10534488,0.20111294,9.546879
1740627651481226240,-0.111852765,-0.09267801,0.05752428,0.021547815,0.29328972,9.32781
1740627651491383040,-0.11504856,-0.04261058,0.058589544,-0.15203181,0.25378537,9.2547865
1740627651502167040,-0.13848437,0.007456851,0.06924219,-0.34476504,0.260968,9.091981
1740627651508060672,-0.15446335,0.023435818,0.07669904,-0.39145198,0.260968,9.016563
1740627651520298496,-0.21518342,0.07350325,0.1257012,-0.4285621,0.22266077,9.0429
1740627651530331136,-0.2428803,0.12144015,0.1736381,-0.320823,0.17717093,9.143456
1740627651540402432,-0.24501082,0.14274544,0.19813919,-0.24660277,0.17597382,9.260772
1740627651550241792,-0.21092236,0.18855181,0.25566345,0.107739076,0.23463176,9.566033
1740627651563246848,-0.17789917,0.18429075,0.26525086,0.48362875,0.2753332,9.592369
1740627651570063360,-0.1470065,0.15659387,0.24394555,0.82001406,0.2717419,9.745598
1740627651581934592,-0.11504856,0.101200126,0.2034655,0.8355764,0.22984336,9.949105
1740627651592852480,-0.07456851,0.03195793,0.16618125,0.724246,0.19632454,10.073604
1740627651604224256,-0.025566347,-0.09161274,0.13209279,0.2645593,0.17836803,9.961076
1740627651613941760,-0.01917476,-0.12676647,0.13528858,0.077811554,0.16280572,9.974244
1740627651620234240,-0.008522116,-0.16937704,0.16937704,-0.18914193,0.1604115,9.895236
1740627651630180352,1e-10,-0.1736381,0.21944448,-0.22266077,0.2669535,9.744401
1740627651644345856,0.002130529,-0.099069595,0.28122982,0.074220255,0.36870706,9.554062
1740627651649738496,0.0010652645,-0.05965481,0.294013,0.20590134,0.37349546,9.459491
1740627651659499520,-0.0010652645,0.011717909,0.2908172,0.5482722,0.3866636,9.446322
1740627651670317312,0.015978966,0.05539375,0.26312032,0.6823475,0.320823,9.637859
1740627651679926528,0.05965481,0.056459017,0.22583607,0.6536171,0.21547815,9.799467
1740627651691645952,0.13848437,0.013848438,0.19813919,0.5303157,0.11492168,9.846154
1740627651701649408,0.22690132,-0.04261058,0.19281286,0.40222588,0.06823475,9.619903
1740627651711603968,0.294013,-0.082025364,0.20133498,0.30286652,-0.016759412,9.283517
1740627651720867584,0.32384038,-0.0958738,0.21411815,0.39384618,-0.08259996,8.955511
1740627651730785280,0.32810146,-0.08522116,0.21944448,0.49919105,-0.1364695,8.929175
1740627651740663552,0.3291667,-0.060720075,0.21518342,0.51954174,-0.1604115,9.106346
1740627651750320640,0.33768883,-0.04261058,0.20453078,0.49200845,-0.2657564,9.309854
1740627651758522624,0.34301516,-0.040480047,0.2034655,0.439336,-0.30645782,9.397242
1740627651770074624,0.32810146,-0.041545313,0.20559604,0.3172317,-0.2873042,9.285912
1740627651784411904,0.2876214,-0.0031957934,0.22264028,0.08140286,-0.39264908,9.617508
1740627651790101248,0.28549087,0.022370555,0.22903186,0.08499416,-0.40821138,9.694122
1740627651803252480,0.27696875,0.10226539,0.24501082,0.5243302,-0.30765492,9.534908
1740627651808734720,0.26312032,0.12463594,0.23861924,0.7410054,-0.2861071,9.482236
1740627651824263424,0.23116238,0.16831179,0.17789917,1.2389994,-0.29807812,9.736021
1740627651830116096,0.24074976,0.16618125,0.14594123,1.3455414,-0.35075054,9.707291
1740627651840856832,0.2545982,0.16192019,0.10865697,1.3144168,-0.36870706,9.736021
1740627651850453760,0.28229508,0.06391586,0.033023197,0.8762778,-0.439336,9.52174
1740627651860032512,0.2609898,-0.034088463,0.029827405,0.40940848,-0.41060558,9.351752
1740627651870197504,0.21092236,-0.13315806,0.05539375,0.32321724,-0.33877954,9.184157
1740627651883226112,0.18429075,-0.165116,0.06711166,0.28491,-0.31244332,9.218874
1740627651890022656,0.14807177,-0.17257284,0.09054748,0.12808979,-0.1592144,9.31943
1740627651895965952,0.15126756,-0.15765914,0.09054748,0.11252748,-0.10055647,9.2787285
1740627651909432320,0.13848437,-0.099069595,0.070307456,0.11372458,-0.089782566,9.16261
1740627651919849984,0.12357068,-0.05965481,0.051132694,0.1400608,-0.18195933,9.190144
1740627651934040832,0.11611383,-0.024501082,0.033023197,0.1436521,-0.24660277,9.211691
1740627651941562624,0.111852765,0.011717909,0.02130529,0.05267244,-0.34237084,9.388862
1740627651947585024,0.113983296,0.02876214,0.02130529,-0.009576807,-0.36750996,9.491813
1740627651962333952,0.13422333,0.07243799,0.026631612,-0.08140286,-0.35553896,9.566033
1740627651973269760,0.15020229,0.10333065,0.03195793,0.089782566,-0.40222588,9.482236
1740627651979717888,0.14807177,0.12250541,0.03195793,0.1448492,-0.46208093,9.367314
1740627651984491264,0.12676647,0.1257012,0.027696876,0.21308395,-0.51116204,9.332599
1740627652000785408,0.0958738,0.1107875,0.015978966,0.2801216,-0.46806642,9.417592
1740627652004574464,0.082025364,0.10439592,0.002130529,0.36272156,-0.34117374,9.3182335
1740627652020407808,0.04261058,0.0958738,-0.07563378,0.320823,-0.20231004,9.317036
1740627652032725760,0.02130529,0.11824436,-0.13635385,0.32920274,-0.1412579,9.118318
1740627652040312832,-0.0127831735,0.13848437,-0.1949434,0.40102878,0.025139118,8.731653
1740627652051872000,-0.07563378,0.15020229,-0.24607609,0.44532153,0.03232172,8.505402
1740627652064359168,-0.17044231,0.18535602,-0.28442562,0.20470424,0.02873042,8.90643
1740627652073702656,-0.18961707,0.18961707,-0.2876214,0.18435353,0.046686932,9.053674
1740627652079610624,-0.21624869,0.18961707,-0.28975195,0.2705448,0.11372458,9.175778
1740627652090670848,-0.24394555,0.19707392,-0.29827404,0.44891283,0.21906945,9.172187
1740627652101005568,-0.26205507,0.2034655,-0.32490566,0.47405192,0.2908955,9.198523
1740627652110772224,-0.26205507,0.20133498,-0.36432046,0.5542577,0.30645782,9.188946
1740627652120601088,-0.24501082,0.18642128,-0.39947417,0.6584055,0.35673606,9.153033
1740627652124211200,-0.23435818,0.17150758,-0.4133226,0.6500258,0.32800564,9.194932
1740627652140641792,-0.15446335,0.070307456,-0.41971418,0.2861071,0.17477672,9.610326
1740627652150096384,-0.068176925,-0.04580637,-0.38136467,-0.24420857,0.14963761,9.885659
1740627652161335040,0.0127831735,-0.17789917,-0.30253512,-0.79726917,0.31124622,10.029311
1740627652170976256,0.07137272,-0.26844665,-0.19600865,-1.1312603,0.51475334,10.128671
1740627652181365504,0.12037488,-0.2790993,-0.101200126,-1.2258313,0.6919243,10.18254
1740627652191228416,0.16085494,-0.2034655,-0.034088463,-1.2665327,0.78769237,10.358514
1740627652200948992,0.19920446,-0.070307456,1e-10,-0.88944596,0.8762778,10.308235
1740627652210649088,0.22264028,0.08735169,-0.0063915867,-0.37469256,0.79607207,10.290278
1740627652220630016,0.25033715,0.21198763,-0.039414786,-0.08738836,0.50278234,10.493786
1740627652241686784,0.29188246,0.2876214,-0.07669904,0.21188685,-0.03232172,10.425551
1740627652244633856,0.2759035,0.27377295,-0.07456851,0.21188685,-0.11252748,10.289082
1740627652258979584,0.22264028,0.22690132,-0.05965481,0.21787235,-0.2657564,10.205285
1740627652268414720,0.16405073,0.1917476,-0.046871636,0.23463176,-0.3172317,10.180145
1740627652279581184,0.07243799,0.18961707,-0.056459017,0.2765303,-0.23942018,9.939528
1740627652292963072,0.010652645,0.21411815,-0.08735169,0.33877954,-0.17357962,9.7563715
1740627652300315904,-0.05219796,0.2396845,-0.12250541,0.30885202,-0.10654198,9.661801
1740627652304542464,-0.080960095,0.24714136,-0.13528858,0.23822308,-0.09696517,9.64145
1740627652340164608,-0.22050974,0.13422333,-0.066046394,-0.36631286,0.23582886,9.348161
1740627652354163456,-0.27164245,0.11717909,-0.036218993,-0.44771573,0.3196259,9.317036
1740627652360561408,-0.32490566,0.14061491,-0.0127831735,-0.5781997,0.47764325,9.374496
1740627652369161984,-0.33449304,0.15339808,-0.011717909,-0.59855044,0.5374983,9.376891
1740627652379930112,-0.34194988,0.165116,-0.011717909,-0.61770403,0.5781997,9.354146
1740627652390375936,-0.3174488,0.21944448,-0.002130529,-0.748188,0.78290397,9.67856
1740627652400625664,-0.2545982,0.24927188,0.03195793,-0.81163436,0.8319851,9.793482
1740627652413900544,-0.17150758,0.2609898,0.09054748,-0.7422025,0.78529817,9.701305
1740627652420253184,-0.096939065,0.24501082,0.15659387,-0.5793968,0.80325466,9.586384
1740627652434068480,-0.039414786,0.19707392,0.21092236,-0.38307226,0.7469909,9.552865
1740627652442700288,0.0010652645,0.12144015,0.23648871,-0.21308395,0.62847793,9.41041
1740627652449702144,0.023435818,0.04474111,0.2396845,-0.16280572,0.5422867,9.382876
1740627652458815744,0.029827405,0.013848438,0.23648871,-0.20111294,0.51595044,9.40203
1740627652469532160,0.04580637,-0.054328486,0.22050974,-0.39384618,0.34955344,9.263166
1740627652480244224,0.036218993,-0.06178534,0.21731395,-0.6332663,0.2908955,9.167398
1740627652488665856,0.011717909,-0.046871636,0.22264028,-0.79008657,0.3172317,9.173384
1740627652495651328,-0.0053263223,-0.034088463,0.22690132,-0.8379706,0.30166942,9.165004
1740627652495699968,-0.0053263223,-0.034088463,0.22690132,-0.8379706,0.30166942,9.165004
1740627652495702016,-0.0053263223,-0.034088463,0.22690132,-0.8379706,0.30166942,9.165004
1740627652495719424,-0.0053263223,-0.034088463,0.22690132,-0.8379706,0.30166942,9.165004
1740627652495763968,-0.0053263223,-0.034088463,0.22690132,-0.8379706,0.30166942,9.165004
1740627652549597440,-0.37816888,0.38775626,0.07350325,-0.62728083,0.21068975,9.010578
1740627652564207104,-0.4495416,0.45699844,0.036218993,-0.2621651,0.4345476,8.884883
1740627652568401920,-0.46658584,0.46232477,0.029827405,-0.10295067,0.45010993,8.792706
1740627652583255296,-0.49215218,0.43249738,0.01917476,0.19752164,0.40821138,9.289502
1740627652589817856,-0.48363006,0.4111921,0.020240024,0.2717419,0.46567222,9.514558
1740627652604145152,-0.39734364,0.27377295,0.024501082,0.17717093,0.2801216,9.753978
1740627652610472960,-0.36112466,0.20453078,0.027696876,0.050278235,0.260968,9.824607
1740627652620421632,-0.28975195,0.040480047,0.039414786,-0.2681506,0.21428105,9.878476
1740627652629723904,-0.22264028,-0.112918034,0.07456851,-0.62847793,0.22266077,10.049662
1740627652644455168,-0.08841695,-0.26312032,0.15339808,-0.7398083,0.22744916,9.987412
1740627652650129664,-0.040480047,-0.28122982,0.17150758,-0.6464345,0.21428105,9.913192
1740627652661598208,0.0479369,-0.2759035,0.18748654,-0.62129533,0.1412579,9.965864
1740627652670126592,0.13422333,-0.25033715,0.1768339,-0.60094464,0.04309563,9.964667
1740627652681643776,0.19920446,-0.21518342,0.14807177,-0.46806642,-0.10534488,9.783905
1740627652690126336,0.23329292,-0.18322548,0.11611383,-0.45250413,-0.2777274,9.642648
1740627652700121344,0.24501082,-0.13635385,0.08522116,-0.5734113,-0.4285621,9.435549
1740627652710023936,0.22903186,-0.098004326,0.06178534,-0.59615624,-0.5231331,9.344569
1740627652719896576,0.20985709,-0.082025364,0.056459017,-0.6512229,-0.58418524,9.249998
1740627652731866880,0.12676647,-0.011717909,0.07669904,-0.36511576,-0.6703765,9.487024
1740627652739558144,0.080960095,0.02876214,0.09161274,0.11611878,-0.7398083,9.829395
1740627652750132224,0.07989483,0.07882957,0.0777643,0.31603462,-0.6356605,10.08318
1740627652764387072,0.096939065,0.12463594,-0.002130529,0.35913026,-0.6548142,9.88925
1740627652769576960,0.08522116,0.11611383,-0.033023197,0.2717419,-0.7266402,9.871294
1740627652780277504,0.0479369,0.07243799,-0.082025364,-0.034715924,-0.7625532,9.816227
1740627652793204224,-0.008522116,0.00958738,-0.113983296,-0.23942018,-0.7493851,9.702502
1740627652799429376,-0.07563378,-0.037284255,-0.113983296,-0.427365,-0.7278373,9.692925
1740627652810630400,-0.14487597,-0.036218993,-0.09374327,-0.36511576,-0.7110779,9.739613
1740627652820684800,-0.19707392,0.0053263223,-0.07882957,-0.22266077,-0.6991069,9.662998
1740627652830715904,-0.23116238,0.05965481,-0.0777643,-0.24540567,-0.676362,9.710882
1740627652841914368,-0.24820662,0.099069595,-0.07669904,-0.20470424,-0.7062895,9.770737
1740627652850150912,-0.2545982,0.10439592,-0.066046394,-0.025139118,-0.7182605,9.744401
1740627652861065472,-0.2428803,0.09054748,-0.058589544,-0.095768064,-0.6572084,9.676167
1740627652871217664,-0.22796659,0.058589544,-0.05006743,-0.11372458,-0.712275,9.659407
1740627652881125632,-0.22050974,0.025566347,-0.041545313,-0.08738836,-0.62967503,9.569624
1740627652891304704,-0.2130529,-0.0010652645,-0.043675844,-0.20350714,-0.5494693,9.5492735
1740627652901665792,-0.21731395,-0.0010652645,-0.080960095,-0.25977087,-0.5758055,9.4774475
1740627652912888064,-0.21837921,0.022370555,-0.10333065,-0.33399114,-0.59495914,9.324219
1740627652921532416,-0.21837921,0.10439592,-0.15765914,-0.59256494,-0.664391,9.255983
1740627652930817024,-0.18961707,0.27696875,-0.20879184,-0.7338228,-0.6607997,9.374496
1740627652939593216,-0.15978967,0.3653857,-0.20240025,-0.7589619,-0.6751649,9.441534
1740627652950533376,-0.13209279,0.4282363,-0.16724652,-0.89423436,-0.93254155,9.463082
1740627652963748352,-0.111852765,0.4495416,-0.12144015,-0.4429273,-0.7577648,9.568427
1740627652970107648,-0.101200126,0.43036684,-0.09267801,0.16998832,-0.6404489,9.595961
1740627652979696128,-0.07563378,0.40053943,-0.10652645,0.31483752,-0.5746084,9.865308
1740627652990108672,-0.013848438,0.3206446,-0.13848437,0.842759,-0.49440265,9.745598
1740627653004163584,0.084155895,0.113983296,-0.18216023,0.6344634,-0.5327099,10.06283
1740627653004246016,0.084155895,0.113983296,-0.18216023,0.6344634,-0.5327099,10.06283
1740627653020752384,0.21092236,-0.14168017,-0.16618125,0.1352724,-0.45609543,10.248381
1740627653031595008,0.28868666,-0.28229508,-0.128897,-0.20350714,-0.3878607,10.253169
1740627653040266496,0.36432046,-0.34514567,-0.09374327,-0.32680854,-0.21667525,10.043676
1740627653054039552,0.4261058,-0.34408042,-0.08841695,-0.33159694,-0.107739076,9.680955
1740627653063716864,0.4676511,-0.23755397,-0.15020229,-0.02633622,-0.19033903,9.089587
1740627653070323968,0.47191215,-0.18748654,-0.18642128,-0.027533319,-0.2645593,9.011775
1740627653084391680,0.46552056,-0.09054748,-0.28549087,-0.2825158,-0.5470751,8.670602
1740627653115856384,0.2695119,-0.18002969,-0.26205507,-0.8607155,-0.91697925,8.429984
1740627653129539584,0.14594123,-0.23542345,-0.20133498,-0.79367787,-0.8295909,8.546103
1740627653140270848,0.06391586,-0.24820662,-0.18002969,-0.78050977,-0.61770403,8.664616
1740627653150255104,-0.011717909,-0.25033715,-0.17789917,-0.7206547,-0.38067806,8.835801
1740627653159604224,-0.040480047,-0.24394555,-0.18429075,-0.7086837,-0.29209262,8.977059
1740627653170377216,-0.07243799,-0.19920446,-0.21092236,-0.78529817,-0.051475335,9.321824
1740627653179906560,-0.068176925,-0.16831179,-0.221575,-0.7625532,0.10534488,9.323022
1740627653189705472,-0.068176925,-0.1470065,-0.22264028,-0.8499416,0.18555063,9.379285
1740627653200430848,-0.0628506,-0.13528858,-0.21411815,-0.9564836,0.25617957,9.496601
1740627653210075392,-0.040480047,-0.12250541,-0.19068234,-1.0486604,0.31124622,9.623494
1740627653223228672,-0.0127831735,-0.10652645,-0.15659387,-1.0271125,0.33159694,9.5385
1740627653230039296,0.010652645,-0.083090626,-0.13102753,-0.9923966,0.32321724,9.572019
1740627653243335424,0.024501082,-0.06711166,-0.11611383,-0.94930094,0.29328972,9.654618
1740627653249714688,0.06924219,-0.039414786,-0.10759171,-0.7134721,0.1352724,9.665392
1740627653261563904,0.08948222,-0.029827405,-0.11611383,-0.58538234,0.051475335,9.431957
1740627653269730304,0.084155895,-0.03089267,-0.12783173,-0.5650316,0.010773907,9.216479
1740627653280335616,0.07243799,-0.035153728,-0.13528858,-0.5734113,-0.027533319,9.172187
1740627653289731840,0.008522116,-0.05539375,-0.15126756,-0.6584055,-0.059855044,8.9998045
1740627653297081600,-0.01917476,-0.060720075,-0.15126756,-0.712275,-0.031124622,9.030929
1740627653314140160,-0.0958738,-0.070307456,-0.14594123,-0.93613285,0.0035913025,9.332599
1740627653321339136,-0.13209279,-0.0628506,-0.13741912,-0.9911995,0.009576807,9.382876
1740627653332776192,-0.16724652,-0.046871636,-0.128897,-0.8870517,0.075417355,9.334992
1740627653340109056,-0.20026971,-0.03195793,-0.12144015,-0.79846627,0.1376666,9.441534
1740627653350129408,-0.21624869,-0.036218993,-0.11824436,-0.7350199,0.11731588,9.57561
1740627653361814784,-0.20240025,-0.05752428,-0.10972224,-0.6404489,0.21068975,9.788693
1740627653370686720,-0.16937704,-0.096939065,-0.094808534,-0.688333,0.21428105,9.817424
1740627653381362944,-0.13102753,-0.14487597,-0.07563378,-0.79966336,0.21068975,9.746795
1740627653389796096,-0.0958738,-0.1768339,-0.054328486,-0.91817635,0.21787235,9.646238
1740627653399553792,-0.07137272,-0.18429075,-0.034088463,-0.94570965,0.260968,9.478644
1740627653410739456,-0.05539375,-0.16937704,-0.017044231,-0.9792285,0.22744916,9.352949
1740627653420973568,-0.04474111,-0.14807177,0.0010652645,-1.0127473,0.18794483,9.441534
1740627653425525760,-0.035153728,-0.13635385,0.014913702,-1.0151415,0.1592144,9.545682
1740627653440749824,-0.002130529,-0.11930962,0.070307456,-0.91219085,0.25258827,9.762358
1740627653452873472,0.0063915867,-0.12037488,0.096939065,-0.8343793,0.36391866,9.737218
1740627653464423424,0.029827405,-0.099069595,0.10865697,-0.6691794,0.4237737,9.805453
1740627653470421248,0.039414786,-0.084155895,0.10652645,-0.5542577,0.4165911,9.691729
1740627653481823232,0.054328486,-0.049002163,0.09161274,-0.35075054,0.44651863,9.552865
1740627653490722560,0.06178534,-0.01917476,0.070307456,-0.22266077,0.40581718,9.654618
1740627653502165760,0.07882957,0.0010652645,0.05006743,-0.10654198,0.33279404,9.698911
1740627653510690816,0.11504856,0.010652645,0.037284255,-0.038307227,0.23582886,9.635465
1740627653516306176,0.128897,0.01917476,0.035153728,-0.08738836,0.23343466,9.799467
1740627653531857920,0.13209279,-0.007456851,0.05965481,-0.1448492,0.10654198,9.467871
1740627653540465152,0.10865697,-0.025566347,0.083090626,-0.15682021,0.06703765,9.317036
1740627653551800320,0.07243799,-0.02876214,0.094808534,-0.09935937,0.077811554,9.247604
1740627653561029376,0.043675844,1e-10,0.09054748,0.076614454,0.08379706,9.267955
1740627653571428864,0.020240024,0.04261058,0.066046394,0.18315643,0.11492168,9.414001
1740627653580582656,0.0053263223,0.070307456,0.034088463,0.075417355,0.09816227,9.652225
1740627653591448320,0.008522116,0.08628642,0.007456851,-0.011971008,0.088585466,9.54209
1740627653600912384,-0.0053263223,0.094808534,-0.011717909,-0.15203181,0.095768064,9.404425
1740627653611409920,-0.04261058,0.10226539,-0.015978966,-0.32202014,0.142455,9.315839
1740627653621288448,-0.08841695,0.12463594,-0.0063915867,-0.2681506,0.1340753,9.633071
1740627653630683904,-0.111852765,0.17150758,-0.0010652645,-0.22864626,0.21787235,9.593566
1740627653641227008,-0.128897,0.19387813,-0.013848438,-0.20231004,0.34117374,9.376891
1740627653681192704,-0.14487597,-0.011717909,-0.004261058,-0.0047884034,0.30286652,9.827001
1740627653690445824,-0.12250541,-0.098004326,0.017044231,-0.22864626,0.34237084,9.8916445
1740627653698669568,-0.111852765,-0.13954964,0.029827405,-0.29688102,0.36152446,9.8916445
1740627653710743040,-0.07563378,-0.18748654,0.05752428,-0.21188685,0.34117374,9.82341
1740627653721048832,-0.05006743,-0.16724652,0.05539375,-0.0035913025,0.2621651,9.736021
1740627653730849536,-0.03195793,-0.13848437,0.03834952,0.12210429,0.15322891,9.835381
1740627653741105664,-0.01917476,-0.15233281,0.020240024,0.17118542,-0.019153614,9.928755
1740627653751301888,-0.004261058,-0.20453078,0.004261058,0.10295067,-0.11851298,9.895236
1740627653761220864,-0.004261058,-0.25566345,0.002130529,-0.14844051,-0.17717093,9.76954
1740627653771467264,-0.020240024,-0.27483824,0.014913702,-0.25857377,-0.22385786,9.677363
1740627653780741376,-0.040480047,-0.25033715,0.033023197,-0.36990416,-0.16759412,9.689334
1740627653791071488,-0.054328486,-0.19813919,0.056459017,-0.5327099,-0.20111294,9.736021
1740627653801837312,-0.058589544,-0.13635385,0.084155895,-0.60693014,-0.17836803,9.861717
1740627653811018240,-0.05539375,-0.07989483,0.11611383,-0.5482722,-0.16639702,9.835381
1740627653822120448,-0.04261058,-0.026631612,0.13848437,-0.39264908,-0.16519992,9.923966
1740627653827409664,-0.026631612,0.0031957934,0.14594123,-0.34117374,-0.11971009,10.005369
1740627653841963776,0.022370555,0.07137272,0.1587244,-0.1604115,-0.08140286,9.825804
1740627653851408384,0.040480047,0.09267801,0.14594123,-0.08499416,-0.020350715,9.633071
1740627653864211200,0.029827405,0.099069595,0.10652645,-0.027533319,-0.062249243,9.471462
1740627653873878016,0.022370555,0.10226539,0.09161274,0.1604115,0.0011971008,9.583989
1740627653884141312,0.05219796,0.18216023,0.033023197,-0.08619126,-0.16519992,9.55885
1740627653884268288,0.0628506,0.18961707,0.01917476,-0.02633622,-0.31364042,9.2308445
1740627653900252416,0.05219796,0.17896444,0.03089267,-0.015562311,-0.4237737,9.411607
1740627653908716544,0.04580637,0.17470337,0.036218993,-0.0047884034,-0.51116204,9.224859
1740627653921515776,0.049002163,0.1587244,0.060720075,0.05267244,-0.62847793,9.202114
1740627653933625856,0.056459017,0.1555286,0.06924219,0.21308395,-0.62249243,9.010578
1740627653940920832,0.037284255,0.14168017,0.07137272,0.22026655,-0.59017074,9.16261
1740627653951288832,0.018109497,0.13315806,0.07137272,0.1328782,-0.62847793,8.986636
1740627653960823296,-0.0010652645,0.10546118,0.0777643,0.15801731,-0.5446809,8.872911
1740627653972439296,-0.037284255,0.0628506,0.096939065,0.073023155,-0.45370123,8.926781
1740627653981545728,-0.070307456,0.010652645,0.11611383,0.076614454,-0.36152446,9.058462
1740627653985040640,-0.082025364,-0.00958738,0.11930962,0.16759412,-0.32202014,9.100361
1740627654001074944,-0.12144015,-0.056459017,0.0958738,0.29568392,-0.25258827,9.305065
1740627654041912832,-0.1917476,-0.1107875,-0.008522116,-0.35194764,-0.1592144,9.704897
1740627654053097216,-0.18216023,-0.113983296,0.023435818,-0.5626374,-0.15682021,9.908403
1740627654058401536,-0.17044231,-0.111852765,0.0479369,-0.5793968,-0.1436521,9.928755
1740627654068093696,-0.14913702,-0.101200126,0.099069595,-0.44771573,-0.06344634,9.848549
1740627654079626752,-0.14594123,-0.080960095,0.12357068,-0.1340753,0.108936176,9.949105
1740627654094097408,-0.12037488,-0.07350325,0.094808534,-0.11252748,0.10055647,10.242394
1740627654103814144,-0.04580637,-0.068176925,0.04261058,-0.23942018,0.110133275,10.159795
1740627654109511424,-0.033023197,-0.07456851,0.039414786,-0.35314476,0.10175357,10.097546
1740627654120291328,-0.014913702,-0.08948222,0.053263225,-0.5422867,0.02873042,10.041282
1740627654129477376,-0.002130529,-0.09161274,0.07989483,-0.59495914,-0.044292733,9.91439
1740627654139841024,0.0127831735,-0.084155895,0.099069595,-0.46208093,-0.12928689,9.883265
1740627654150756352,0.027696876,-0.06924219,0.09374327,-0.29927522,-0.17717093,9.830592
1740627654161588224,0.043675844,-0.066046394,0.07137272,-0.23223756,-0.21547815,9.696517
1740627654173652736,0.053263225,-0.06711166,0.051132694,-0.2669535,-0.2741361,9.5732155
1740627654180680192,0.049002163,-0.080960095,0.04474111,-0.44651863,-0.3196259,9.548077
1740627654190531584,0.03834952,-0.09054748,0.06711166,-0.5590461,-0.30526072,9.5253315
1740627654199858432,0.036218993,-0.08841695,0.08735169,-0.5554548,-0.2789245,9.490616
1740627654209647872,0.02130529,-0.068176925,0.12144015,-0.47285482,-0.23463176,9.399636
1740627654221022208,0.0010652645,-0.01917476,0.13528858,-0.2801216,-0.11611878,9.472659
1740627654231265024,0.0010652645,0.018109497,0.12463594,-0.1400608,-0.08619126,9.57561
1740627654240969472,0.017044231,0.041545313,0.101200126,-0.010773907,-0.10534488,9.703699
1740627654250858240,0.03834952,0.04261058,0.082025364,0.08259996,-0.1316811,9.801862
1740627654291369984,0.083090626,-0.07350325,0.041545313,0.06344634,-0.23343466,9.582792
1740627654298510848,0.080960095,-0.07350325,0.029827405,0.021547815,-0.2621651,9.537302
1740627654312111872,0.07350325,-0.04580637,0.004261058,-0.20829555,-0.2801216,9.483433
1740627654317379584,0.06711166,-0.033023197,0.004261058,-0.2741361,-0.28491,9.488221
1740627654331287808,0.051132694,-0.0031957934,0.0127831735,-0.25977087,-0.23582886,9.498995
1740627654341497344,0.02876214,0.036218993,0.018109497,-0.15203181,-0.17357962,9.503783
1740627654349818112,0.017044231,0.054328486,0.0127831735,-0.08020575,-0.21428105,9.560047
1740627654359631104,0.008522116,0.0777643,-0.0053263223,0.08619126,-0.20350714,9.994595
1740627654364596224,0.018109497,0.11930962,-0.022370555,-0.037110128,-0.39504328,9.428367
1740627654379607552,-0.002130529,0.112918034,-0.070307456,-0.092176765,-0.25139117,9.204509
1740627654390131712,-0.049002163,0.09267801,-0.07563378,-0.04189853,-0.30166942,9.351752
1740627654402151168,-0.066046394,0.06178534,-0.07137272,0.094570965,-0.21188685,9.79827
1740627654409989120,-0.036218993,0.024501082,-0.06924219,0.050278235,-0.25019407,9.973047
1740627654415435264,-0.00958738,0.007456851,-0.0628506,-0.01436521,-0.28491,9.882068
1740627654430918400,0.041545313,-0.0628506,-0.020240024,-0.22984336,-0.2908955,9.605537
1740627654441645824,0.0479369,-0.096939065,0.0053263223,-0.1388637,-0.24779987,9.443929
1740627654450964992,0.046871636,-0.10759171,0.017044231,-0.089782566,-0.18914193,9.479841
1740627654461534208,0.049002163,-0.101200126,0.00958738,-0.15562311,-0.19393034,9.599552
1740627654471284992,0.060720075,-0.08841695,-0.0010652645,-0.23822308,-0.22864626,9.720459
1740627654483124224,0.0777643,-0.07563378,-0.004261058,-0.2681506,-0.28491,9.703699
1740627654490832640,0.08522116,-0.056459017,1e-10,-0.31124622,-0.34237084,9.637859
1740627654498758656,0.082025364,-0.04580637,0.0053263223,-0.29927522,-0.37349546,9.593566
1740627654511351296,0.05219796,-0.008522116,0.017044231,-0.22984336,-0.48961425,9.718064
1740627654517167616,0.041545313,0.0010652645,0.017044231,-0.22505496,-0.48961425,9.847352
1740627654549528064,0.020240024,0.06924219,-0.05219796,-0.22146365,-0.35075054,9.738416
1740627654559091968,0.02130529,0.082025364,-0.05965481,-0.20350714,-0.36870706,9.726444
1740627654569883392,0.026631612,0.09374327,-0.053263225,-0.1376666,-0.40222588,9.716867
1740627654581257216,0.033023197,0.0777643,-0.04580637,-0.051475335,-0.33279404,9.7084875
1740627654590593024,0.043675844,0.04474111,-0.046871636,0.009576807,-0.30885202,9.629479
1740627654600731392,0.05219796,0.0127831735,-0.05965481,-0.0035913025,-0.31364042,9.5492735
1740627654612062976,0.054328486,-0.007456851,-0.070307456,-0.021547815,-0.25498247,9.498995
1740627654620108288,0.05006743,-0.01917476,-0.08522116,-0.12449849,-0.24420857,9.431957
1740627654630727680,0.046871636,-0.0127831735,-0.09374327,-0.2633622,-0.31364042,9.434352
1740627654660218624,-0.018109497,0.029827405,-0.029827405,-0.33279404,-0.36391866,9.016563
1740627654669951744,-0.05539375,0.054328486,-0.017044231,-0.25617957,-0.36870706,9.1350765
1740627654684207616,-0.099069595,0.05539375,-0.015978966,0.005985504,-0.2801216,9.242816
1740627654689602560,-0.112918034,0.054328486,-0.02130529,0.077811554,-0.272939,9.233239
1740627654704172544,-0.05752428,0.06711166,-0.07456851,0.30166942,0.25617957,10.611102
1740627654710119168,0.00958738,0.041545313,-0.08948222,0.19752164,0.60094464,10.9426985
1740627654724137472,0.15233281,-0.07563378,-0.07350325,-0.05626374,0.2789245,9.409213
1740627654729468416,0.1257012,-0.08628642,-0.05539375,-0.58777654,-0.33399114,8.3150625
1740627654744022528,-0.054328486,-0.037284255,-0.024501082,-0.37110126,0.008379706,10.571598
1740627654749715456,-0.022370555,-0.03089267,-0.026631612,-0.15203181,0.031124622,10.31063
1740627654760792320,-0.00958738,0.041545313,-0.04474111,-0.19991584,0.020350715,9.532514
1740627654770243328,-0.010652645,0.056459017,-0.06178534,-0.12210429,0.075417355,9.613917
1740627654780345856,-0.002130529,0.080960095,-0.05965481,-0.17118542,-0.12808979,9.452309
1740627654791390464,0.0031957934,0.07137272,-0.037284255,-0.076614454,-0.2669535,9.497798
1740627654800298240,0.0063915867,0.049002163,-0.015978966,0.11252748,-0.2765303,9.394848
1740627654811247104,-0.002130529,0.018109497,-0.014913702,0.046686932,-0.2837129,9.40203
1740627654820783872,-0.004261058,-0.004261058,-0.025566347,-0.038307227,-0.21428105,9.580399
1740627654831778048,0.00958738,1e-10,-0.025566347,-0.21428105,-0.1316811,9.623494
1740627654844364544,0.0479369,0.03089267,-0.022370555,-0.044292733,-0.031124622,9.583989
1740627654850276352,0.066046394,0.040480047,-0.01917476,-0.053869538,0.007182605,9.635465
1740627654859629568,0.07243799,0.07137272,-0.011717909,-0.37828386,-0.2693477,9.41879
1740627654869836544,0.041545313,0.084155895,0.0053263223,-0.29927522,-0.21068975,9.850943
1740627654880481536,0.043675844,0.07882957,0.0031957934,-0.12090719,-0.25737667,9.688137
1740627654890770688,0.03195793,0.07882957,-0.0127831735,-0.1592144,-0.2825158,9.625888
1740627654902266368,0.025566347,0.080960095,-0.02130529,-0.32441434,-0.33997664,9.7324295
1740627654910090496,0.036218993,0.07456851,-0.007456851,-0.18674773,-0.30166942,9.504981
1740627654920974848,0.037284255,0.05752428,0.0127831735,-0.039504327,-0.24660277,9.26197
1740627654931236096,0.025566347,0.03195793,0.024501082,-0.12689269,-0.28491,9.321824
1740627654942567168,0.013848438,0.011717909,0.02876214,-0.1448492,-0.36391866,9.406818
1740627654952001280,-0.008522116,-0.033023197,-0.0010652645,1.0115502,0.9744401,9.82341
1740627654960781312,0.099069595,0.0031957934,-0.19813919,-0.142455,1.1312603,9.660604
1740627654971896320,0.07882957,0.07243799,-0.26418558,-1.8626889,-0.06584055,8.740033
1740627654981406464,-0.010652645,0.09054748,-0.18216023,-0.79248077,0.16280572,9.809045
1740627654991054080,0.03089267,0.070307456,-0.14274544,-0.1436521,-0.075417355,9.476251
1740627655001069568,0.025566347,0.053263225,-0.09374327,-0.12210429,-0.077811554,9.1829605
1740627655012300544,0.010652645,0.039414786,-0.07989483,0.01316811,-0.22984336,9.400833
1740627655021360640,0.0127831735,0.020240024,-0.06178534,-0.08379706,-0.5638345,9.355343
1740627655031328768,-0.0053263223,0.0053263223,-0.053263225,0.14724341,-0.38307226,9.679757
1740627655039116032,1e-10,0.00958738,-0.06924219,0.06943185,-0.31244332,9.615114
1740627655051709952,0.0031957934,0.033023197,-0.08841695,-0.39624038,-0.2693477,9.554062
1740627655062901760,0.0053263223,0.03834952,-0.07882957,-0.0035913025,-0.049081136,9.582792
1740627655072560384,0.020240024,0.040480047,-0.080960095,-0.3172317,-0.22744916,9.470264
1740627655079733504,0.022370555,0.04580637,-0.0777643,-0.415394,-0.33279404,9.396045
1740627655090640384,0.011717909,0.06498113,-0.07456851,-0.010773907,-0.22864626,9.560047
1740627655100483584,0.024501082,0.053263225,-0.07882957,-0.31004912,-0.21787235,9.646238
1740627655109434880,0.027696876,0.039414786,-0.05006743,-0.2765303,-0.22744916,9.673772
1740627655120378624,0.022370555,0.014913702,-0.027696876,-0.19153613,-0.21906945,9.655815
1740627655130088704,0.0063915867,0.014913702,-0.033023197,-0.19393034,-0.18674773,9.618706
1740627655139734016,0.0127831735,0.026631612,-0.049002163,-0.31603462,-0.31603462,9.434352
1740627655150318592,0.022370555,0.04261058,-0.05752428,-0.32441434,-0.3854665,9.415198
1740627655161741824,0.036218993,0.046871636,-0.051132694,-0.23702596,-0.32561144,9.519346
1740627655170406144,0.054328486,0.056459017,-0.04261058,-0.23343466,-0.25977087,9.566033
1740627655183219712,0.06178534,0.05965481,-0.040480047,-0.25617957,-0.2693477,9.645041
1740627655189970688,0.066046394,0.051132694,-0.03834952,-0.29927522,-0.25617957,9.564836
1740627655202832896,0.054328486,0.046871636,-0.034088463,-0.33758244,-0.17717093,9.667787
1740627655210390528,0.046871636,0.03834952,-0.026631612,-0.32680854,-0.1592144,9.509769
1740627655223304192,0.040480047,0.035153728,-0.02130529,-0.260968,-0.15203181,9.617508
1740627655229598208,0.037284255,0.039414786,-0.014913702,-0.29568392,-0.22266077,9.659407
1740627655240029184,0.03089267,0.036218993,-0.013848438,-0.2633622,-0.23104046,9.53012
1740627655253201152,0.029827405,0.037284255,-0.015978966,-0.17238252,-0.23822308,9.586384
1740627655263995648,0.046871636,0.07456851,-0.02876214,-0.059855044,-0.2765303,10.354922
1740627655273138432,0.07137272,0.14487597,-0.036218993,-0.30526072,-0.7445967,9.696517
1740627655284179456,0.066046394,0.094808534,-0.053263225,-0.58298814,-0.51714754,9.416395
1740627655292733184,0.037284255,0.06711166,-0.056459017,-0.40462008,-0.33877954,9.478644
1740627655300805632,0.037284255,0.04474111,-0.07456851,-0.4213795,-0.31244332,9.31943
1740627655311645696,0.040480047,0.041545313,-0.082025364,-0.50278234,0.023942016,9.320627
1740627655320055808,0.0479369,0.049002163,-0.07882957,-0.4261679,0.075417355,9.847352
1740627655329752832,0.02130529,0.040480047,-0.066046394,-0.34835634,-0.079008654,9.379285
1740627655340129280,0.010652645,0.036218993,-0.056459017,-0.439336,0.0035913025,9.583989
1740627655354059776,0.01917476,0.029827405,-0.039414786,-0.46926352,-0.06703765,9.461885
1740627655360296192,0.002130529,0.017044231,-0.018109497,-0.4285621,-0.09935937,9.582792
1740627655369738752,1e-10,0.015978966,-0.0063915867,-0.41060558,-0.16639702,9.560047
1740627655369838848,1e-10,0.015978966,-0.0063915867,-0.41060558,-0.16639702,9.560047
1740627655389973504,0.004261058,0.013848438,0.002130529,-0.3890578,-0.16879122,9.586384
1740627655400304640,0.0031957934,0.014913702,0.0031957934,-0.37828386,-0.16639702,9.536105
1740627655413130496,0.004261058,0.014913702,0.002130529,-0.39983168,-0.17597382,9.583989
1740627655421587712,0.004261058,0.014913702,0.0031957934,-0.37588966,-0.19153613,9.576807
1740627655431903744,0.0031957934,0.017044231,0.004261058,-0.33518824,-0.16998832,9.526528
1740627655441262592,0.007456851,0.02876214,0.002130529,-0.2705448,-0.14724341,9.580399
1740627655450312960,0.014913702,0.040480047,0.004261058,-0.2801216,-0.18674773,9.707291
1740627655482028544,0.0053263223,0.023435818,0.020240024,-0.40940848,-0.1364695,9.379285
1740627655491858944,0.0063915867,-0.0031957934,0.017044231,-0.48482585,-0.1328782,9.555259
1740627655502902016,0.0063915867,-0.0053263223,0.008522116,-0.49320555,-0.20590134,9.581595
1740627655510999552,0.004261058,-0.0063915867,0.008522116,-0.48602295,-0.19871874,9.561244
1740627655520990208,0.002130529,-0.010652645,0.00958738,-0.5374983,-0.18315643,9.437943
1740627655529878528,0.0010652645,-0.0031957934,1e-10,-0.37828386,-0.16759412,9.731233
1740627655542118400,-0.002130529,-0.004261058,1e-10,-0.4249708,-0.17477672,9.421184
1740627655550219008,-0.002130529,-0.0053263223,0.0010652645,-0.3866636,-0.17956513,9.498995
1740627655559081984,0.0031957934,0.0063915867,0.0010652645,-0.40821138,-0.16879122,9.507375
1740627655570130944,1e-10,-0.004261058,1e-10,-0.3196259,-0.1604115,9.593566
1740627655578129408,0.0031957934,-0.002130529,-0.002130529,-0.33997664,-0.18195933,9.613917
1740627655589541888,0.008522116,0.013848438,-0.0010652645,-0.35075054,-0.20231004,9.603143
1740627655601507584,0.008522116,0.015978966,-0.0010652645,-0.41180268,-0.20231004,9.624691
1740627655611466496,0.007456851,0.010652645,1e-10,-0.40940848,-0.15562311,9.49301
1740627655621112832,0.008522116,0.0063915867,-0.0031957934,-0.427365,-0.19871874,9.465476
1740627655621370624,0.008522116,0.0063915867,-0.0031957934,-0.427365,-0.19871874,9.465476
1740627655641665280,0.0063915867,-0.004261058,-0.002130529,-0.48003745,-0.17717093,9.539697
1740627655653475584,0.004261058,-0.004261058,-0.0053263223,-0.41180268,-0.16280572,9.52174
1740627655661086720,0.002130529,0.0010652645,-0.0053263223,-0.45250413,-0.17477672,9.548077
1740627655691209984,-0.004261058,0.020240024,-0.010652645,-0.47165772,-0.24061728,9.581595
1740627655700445696,0.0053263223,0.0053263223,0.0053263223,-0.35434186,-0.17956513,9.455899
1740627655709637376,0.008522116,0.008522116,1e-10,-0.3172317,-0.095768064,9.581595
1740627655721690368,0.002130529,0.0053263223,-0.0053263223,-0.427365,-0.17956513,9.524135
1740627655730999808,-0.0053263223,-0.004261058,-0.007456851,-0.4249708,-0.18914193,9.454702
1740627655740639488,-0.004261058,-0.011717909,-0.0063915867,-0.46926352,-0.14963761,9.508572
1740627655750457600,-0.008522116,-0.023435818,-0.007456851,-0.5650316,-0.16998832,9.42238
1740627655761009152,-0.017044231,-0.058589544,-0.00958738,-0.3866636,-0.1364695,9.489418
1740627655770928640,-0.018109497,-0.0479369,-0.011717909,-0.45729253,-0.19632454,9.7479925
1740627655781520128,-0.004261058,-0.013848438,-0.007456851,-0.3842694,-0.19153613,9.572019
1740627655790490880,-0.004261058,0.002130529,-0.0031957934,-0.44532153,-0.19153613,9.601946
1740627655802656512,-0.002130529,-0.0063915867,-0.002130529,-0.44532153,-0.18076223,9.545682
1740627655811075584,1e-10,-0.017044231,-0.0053263223,-0.41060558,-0.14604631,9.5385
1740627655821069312,-0.0031957934,-0.01917476,-0.0031957934,-0.40940848,-0.1376666,9.507375
1740627655827651840,-0.0063915867,-0.020240024,-0.0053263223,-0.4297592,-0.15562311,9.640253
1740627655842693632,-0.002130529,-0.023435818,1e-10,-0.38307226,-0.16280572,9.44752
1740627655851322624,-0.007456851,-0.011717909,-0.0031957934,-0.37588966,-0.1604115,9.64145
1740627655861019648,-0.010652645,-0.018109497,-0.0063915867,-0.4189853,-0.16998832,9.518148
1740627655871657216,-0.010652645,-0.025566347,-0.008522116,-0.39264908,-0.18315643,9.458294
1740627655881241856,-0.013848438,-0.040480047,-0.011717909,-0.36631286,-0.142455,9.214086
1740627655890858752,-0.046871636,-0.082025364,-0.010652645,-0.5303157,-0.30047232,9.763555
1740627655901585920,-0.03089267,-0.068176925,0.004261058,-0.24660277,-0.11252748,9.824607
1740627655911066624,-0.02130529,0.0127831735,0.0063915867,-0.35673606,-0.16160862,9.514558
1740627655919927808,-0.011717909,0.041545313,-0.0063915867,-0.31603462,-0.1340753,9.842564
1740627655931247872,-0.026631612,0.027696876,-0.015978966,-0.39743748,-0.12449849,9.527725
1740627655941600000,-0.0127831735,0.011717909,-0.008522116,-0.3842694,-0.16759412,9.53012
1740627655952309760,-0.0053263223,0.022370555,-0.004261058,-0.39384618,-0.08259996,9.527725
1740627655960289792,-0.015978966,0.018109497,0.0031957934,-0.34596214,-0.025139118,9.375694
1740627655970380288,-0.05539375,-0.10333065,0.036218993,-0.4165911,-0.4213795,9.645041
1740627655984070400,0.037284255,-0.06924219,-0.026631612,-0.4141969,-0.17717093,9.370906
1740627655990148096,0.01917476,-0.017044231,-0.025566347,-0.34237084,-0.20470424,9.340978
1740627656001867776,-0.0063915867,0.025566347,0.013848438,-0.37349546,-0.21068975,9.825804
1740627656010166272,0.018109497,0.058589544,0.0031957934,-0.31244332,-0.19393034,9.66659
1740627656020161024,0.03195793,0.07882957,0.002130529,-0.4297592,-0.22984336,9.41041
1740627656032610048,0.036218993,0.082025364,0.008522116,-0.4141969,-0.19033903,9.515755
1740627656043593472,0.0063915867,0.017044231,0.0031957934,-0.46208093,-0.17717093,9.269152
1740627656049146368,-0.024501082,-0.039414786,0.0031957934,-0.39743748,-0.17597382,9.370906
1740627656049763584,-0.024501082,-0.039414786,0.0031957934,-0.39743748,-0.17597382,9.370906
1740627656068300288,-0.01917476,-0.05965481,-0.004261058,-0.35314476,-0.20470424,9.604341
1740627656080250112,-0.020240024,-0.04261058,1e-10,-0.36870706,-0.19153613,9.653421
1740627656090335488,-0.0053263223,-0.007456851,1e-10,-0.34715924,-0.22146365,9.672575
1740627656098538752,0.004261058,0.0127831735,0.0010652645,-0.35194764,-0.23702596,9.619903
1740627656112062464,0.023435818,0.049002163,0.0010652645,-0.37948096,-0.20111294,9.562442
1740627656124410880,0.010652645,0.029827405,0.0031957934,-0.40581718,-0.20231004,9.466674
1740627656131207168,0.0053263223,0.017044231,0.004261058,-0.40581718,-0.19033903,9.427169
1740627656140447232,0.0010652645,-0.007456851,1e-10,-0.38067806,-0.19752164,9.497798
1740627656148995328,-0.0053263223,-0.017044231,-0.0010652645,-0.40342298,-0.18435353,9.49301
1740627656160144384,-0.014913702,-0.035153728,-0.0010652645,-0.39384618,-0.20470424,9.539697
1740627656170049280,-0.010652645,-0.025566347,-0.0010652645,-0.36631286,-0.21068975,9.607931
1740627656180895488,-0.0010652645,-0.004261058,-0.0010652645,-0.36032736,-0.20829555,9.617508
1740627656191777280,0.0053263223,0.0127831735,0.0010652645,-0.34237084,-0.19871874,9.588778
1740627656202023936,0.007456851,0.017044231,1e-10,-0.37588966,-0.20949265,9.566033
1740627656210031360,0.008522116,0.02130529,1e-10,-0.37349546,-0.19871874,9.540894
1740627656219843072,0.0053263223,0.011717909,0.0010652645,-0.38067806,-0.17118542,9.528923
1740627656229601024,0.0010652645,-0.002130529,0.0010652645,-0.39504328,-0.19632454,9.481039
1740627656243406080,-0.002130529,-0.008522116,1e-10,-0.3890578,-0.19752164,9.546879
1740627656249502976,-0.004261058,-0.013848438,-0.0010652645,-0.36272156,-0.19871874,9.55885
1740627656260248832,-0.0031957934,-0.010652645,1e-10,-0.35434186,-0.19273324,9.560047
1740627656269238272,-0.0010652645,-0.002130529,1e-10,-0.35075054,-0.22026655,9.555259
1740627656279157504,1e-10,1e-10,0.0010652645,-0.36511576,-0.22505496,9.55885
1740627656290673920,0.0053263223,0.0063915867,0.0010652645,-0.35553896,-0.21428105,9.562442
1740627656297377792,0.002130529,0.0053263223,0.0010652645,-0.37469256,-0.20709845,9.52174
1740627656310467584,0.0010652645,0.0031957934,1e-10,-0.37708676,-0.19512744,9.563639
1740627656320797184,0.0010652645,0.0010652645,0.0010652645,-0.38067806,-0.18076223,9.5385
1740627656330654976,0.0010652645,-0.0010652645,1e-10,-0.3842694,-0.18674773,9.540894
1740627656340823296,-0.0010652645,-0.002130529,1e-10,-0.37110126,-0.19871874,9.560047
1740627656351120128,1e-10,-0.0010652645,0.0010652645,-0.36152446,-0.20829555,9.576807
1740627656361004800,-0.0010652645,1e-10,1e-10,-0.36152446,-0.21068975,9.526528
1740627656370158592,1e-10,-0.0010652645,0.0010652645,-0.35793316,-0.22385786,9.504981
1740627656381582848,0.0010652645,0.0010652645,-0.0010652645,-0.3842694,-0.19991584,9.532514
1740627656390926336,-0.0010652645,-0.0010652645,1e-10,-0.37469256,-0.18914193,9.568427
1740627656401266944,1e-10,1e-10,-0.002130529,-0.36990416,-0.19273324,9.522937
1740627656411349504,1e-10,1e-10,-0.0010652645,-0.3854665,-0.19153613,9.537302
1740627656420894720,0.0010652645,0.0010652645,1e-10,-0.35913026,-0.19752164,9.532514
1740627656432435968,0.0010652645,0.0010652645,0.0010652645,-0.34237084,-0.20590134,9.526528
